Código de referencia de SKU,Nombre de SKU,ID de la imagen,Nombre de la imagen,Texto de la imagen,Ruta de la imagen
178002,Aceite Humectante De Cuticula X 60 Ml Samy,156079,178002-1,178002-1,https://samycosmetics.vteximg.com.br/arquivos/ids/156079/178002-1.jpg
062998,Agua Micelar Bifásica X 260 Ml Samy,156080,062998-1,062998-1,https://samycosmetics.vteximg.com.br/arquivos/ids/156080/062998-1.jpg
062998,Agua Micelar Bifásica X 260 Ml Samy,156969,062998-2,062998-2,https://samycosmetics.vteximg.com.br/arquivos/ids/156969/062998-2.jpg
062998,Agua Micelar Bifásica X 260 Ml Samy,156970,062998-3,062998-3,https://samycosmetics.vteximg.com.br/arquivos/ids/156970/062998-3.jpg
062999,Agua Micelar Desmaquillante X 260 Ml Samy,156081,062999-1,062999-1,https://samycosmetics.vteximg.com.br/arquivos/ids/156081/062999-1.jpg
062999,Agua Micelar Desmaquillante X 260 Ml Samy,157044,Modelo-agua-micelar,agua-micelar,https://samycosmetics.vteximg.com.br/arquivos/ids/157044/Modelo-agua-micelar.jpg
062999,Agua Micelar Desmaquillante X 260 Ml Samy,157401,Agua-micelar-hombre,Agua-micelar-hombre,https://samycosmetics.vteximg.com.br/arquivos/ids/157401/Agua-micelar-hombre.jpg
008019,Base Correctora Cremosa En Barra Samy # 01. Claro - Light,156082,008019-1,008019-1,https://samycosmetics.vteximg.com.br/arquivos/ids/156082/008019-1.jpg
008020,Base Correctora Cremosa En Barra Samy # 02. Medio - Medium,156083,008020-1,008020-1,https://samycosmetics.vteximg.com.br/arquivos/ids/156083/008020-1.jpg
008021,Base Correctora Cremosa En Barra Samy # 03. Oscuro - Dark,156084,008021-1,008021-1,https://samycosmetics.vteximg.com.br/arquivos/ids/156084/008021-1.jpg
008022,Base Correctora Cremosa En Barra Samy # 04. Verde - Green,156085,008022-1,008022-1,https://samycosmetics.vteximg.com.br/arquivos/ids/156085/008022-1.jpg
008023,Base Correctora Cremosa En Barra Samy # 05. Amarillo - Yellow,156086,008023-1,008023-1,https://samycosmetics.vteximg.com.br/arquivos/ids/156086/008023-1.jpg
008024,Base Correctora Cremosa En Barra Samy # 06. Naranja - Orange,156087,008024-1,008024-1,https://samycosmetics.vteximg.com.br/arquivos/ids/156087/008024-1.jpg
008025,Base Correctora Cremosa En Barra Samy # 07. Brunette,156088,008025-1,008025-1,https://samycosmetics.vteximg.com.br/arquivos/ids/156088/008025-1.jpg
008026,Base Correctora Cremosa En Barra Samy # 08. Chocolate,156089,008026-1,008026-1,https://samycosmetics.vteximg.com.br/arquivos/ids/156089/008026-1.jpg
180013,Brillo De Labios Color Intense Samy # 03. Golden Chocolate – Oro Chocolate,156090,180013-1,180013-1,https://samycosmetics.vteximg.com.br/arquivos/ids/156090/180013-1.jpg
180017,Brillo De Labios Diamond Sparks Samy # 01. Melocotón Plata - Silver Peach,156091,180017-1,180017-1,https://samycosmetics.vteximg.com.br/arquivos/ids/156091/180017-1.jpg
180018,Brillo De Labios Diamond Sparks Samy # 02. Rosa Bronce - Bronze Pink,156092,180018-1,180018-1,https://samycosmetics.vteximg.com.br/arquivos/ids/156092/180018-1.jpg
180019,Brillo De Labios Diamond Sparks Samy # 03. Palo De Rosa - Rosewood,156093,180019-1,180019-1,https://samycosmetics.vteximg.com.br/arquivos/ids/156093/180019-1.jpg
180020,Brillo De Labios Diamond Sparks Samy # 04. Rosa Ámbar - Amber Rose,156094,180020-1,180020-1,https://samycosmetics.vteximg.com.br/arquivos/ids/156094/180020-1.jpg
180021,Brillo De Labios Diamond Sparks Samy # 05. Fucsia Brillante - Crisp Fuchsia,156095,180021-1,180021-1,https://samycosmetics.vteximg.com.br/arquivos/ids/156095/180021-1.jpg
001102,Cosmetiquera You Look Gorgeous Samy,156096,001102-1,001102-1,https://samycosmetics.vteximg.com.br/arquivos/ids/156096/001102-1.jpg
001336,Crema Hidratante Luminosa Samy # 1. Candlelight,156097,001336-1,001336-1,https://samycosmetics.vteximg.com.br/arquivos/ids/156097/001336-1.jpg
001336,Crema Hidratante Luminosa Samy # 1. Candlelight,156963,001336-2,2,https://samycosmetics.vteximg.com.br/arquivos/ids/156963/001336-2.jpg
001336,Crema Hidratante Luminosa Samy # 1. Candlelight,156964,001336-3,3,https://samycosmetics.vteximg.com.br/arquivos/ids/156964/001336-3.jpg
270283,Delineador De Ojos Catfight Eyeliner Samy # 1. Negro,159466,Catfight Eyeliner Web,Catfight Eyeliner Web,https://samycosmetics.vteximg.com.br/arquivos/ids/159466/Catfight Eyeliner Web.jpg
220001,Delineador Eyeliner Liquido Samy # 01. Blanco  Mate,156099,220001-1,220001-1,https://samycosmetics.vteximg.com.br/arquivos/ids/156099/220001-1.png
220002,Delineador Eyeliner Liquido Samy # 02. Blanco Nacarado,156100,220002-1,220002-1,https://samycosmetics.vteximg.com.br/arquivos/ids/156100/220002-1.png
220004,Delineador Eyeliner Liquido Samy # 04. Negro,156101,220004-1,220004-1,https://samycosmetics.vteximg.com.br/arquivos/ids/156101/220004-1.png
220007,Delineador Eyeliner Liquido Samy # 07. Arena,156102,220007-1,220007-1,https://samycosmetics.vteximg.com.br/arquivos/ids/156102/220007-1.png
220008,Delineador Eyeliner Liquido Samy # 08. Bronce,156103,220008-1,220008-1,https://samycosmetics.vteximg.com.br/arquivos/ids/156103/220008-1.png
220011,Delineador Eyeliner Liquido Samy # 11. Azul,156104,220011-1,220011-1,https://samycosmetics.vteximg.com.br/arquivos/ids/156104/220011-1.png
114004,Delineador Líquido Plumón A Prueba De Agua Samy # 02. Café Oscuro - Dark Brown,157824,Delineador-iconic-cafe--002-,delineador-cafe,https://samycosmetics.vteximg.com.br/arquivos/ids/157824/Delineador-iconic-cafe--002-.jpg
114007,Delineador En Plumón Negro Samy,156106,114007-1,114007-1,https://samycosmetics.vteximg.com.br/arquivos/ids/156106/114007-1.jpg
004639,Delineador En Plumón Café Samy,157450,PERFECT-EYELINER-CAFE-PRODUCTO,004639,https://samycosmetics.vteximg.com.br/arquivos/ids/157450/PERFECT-EYELINER-CAFE-PRODUCTO.jpg
001098,Delineador Plumón En Marcador Wp Ultimate Precision Liner Samy,156107,001098-1,001098-1,https://samycosmetics.vteximg.com.br/arquivos/ids/156107/001098-1.jpg
063000,Desmaquilladora Dual X 260 Ml Samy,156108,063000-1,063000-1,https://samycosmetics.vteximg.com.br/arquivos/ids/156108/063000-1.jpg
063000,Desmaquilladora Dual X 260 Ml Samy,157046,MODELO-DESMAQUILLADORA,dual,https://samycosmetics.vteximg.com.br/arquivos/ids/157046/MODELO-DESMAQUILLADORA.jpg
063000,Desmaquilladora Dual X 260 Ml Samy,157047,Desmaquilladora-dual-261020,dual,https://samycosmetics.vteximg.com.br/arquivos/ids/157047/Desmaquilladora-dual-261020.jpg
270284,Dilusor De Esmalte 90 Ml Samy,156109,270284-1,270284-1,https://samycosmetics.vteximg.com.br/arquivos/ids/156109/270284-1.jpg
026264,Esmalte Complementario Profesional Lasting Pro Samy Gel It Top Coat Effect,156110,026264-1,026264-1,https://samycosmetics.vteximg.com.br/arquivos/ids/156110/026264-1.jpg
026263,Esmalte Complementario Profesional Lasting Pro Samy Go Matte,156111,026263-1,026263-1,https://samycosmetics.vteximg.com.br/arquivos/ids/156111/026263-1.jpg
026265,Esmalte Complementario Profesional Lasting Pro Samy Nail Primer,156112,026265-1,026265-1,https://samycosmetics.vteximg.com.br/arquivos/ids/156112/026265-1.jpg
026262,Esmalte Complementario Profesional Lasting Pro Samy Quick Dry,156113,026262-1,026262-1,https://samycosmetics.vteximg.com.br/arquivos/ids/156113/026262-1.jpg
026374,Esmalte Para Uñas Lasting Pro Samy # 319. Brasil,156114,026374-1,026374-1,https://samycosmetics.vteximg.com.br/arquivos/ids/156114/026374-1.jpg
026431,Esmalte Para Uñas Lasting Pro Samy # 338 Argelia,156115,026431-1,026431-1,https://samycosmetics.vteximg.com.br/arquivos/ids/156115/026431-1.jpg
026431,Esmalte Para Uñas Lasting Pro Samy # 338 Argelia,157087,338-ARGELIA-BRILLANTE,mano,https://samycosmetics.vteximg.com.br/arquivos/ids/157087/338-ARGELIA-BRILLANTE.jpg
026438,Esmalte Para Uñas Lasting Pro Samy # 345. La Habana,156520,026438,026438,https://samycosmetics.vteximg.com.br/arquivos/ids/156520/026438.jpg
026236,Esmalte Para Uñas Lasting Pro Samy # 130. Cleveland,156116,026236-1,026236-1,https://samycosmetics.vteximg.com.br/arquivos/ids/156116/026236-1.jpg
026335,Esmalte Para Uñas Lasting Pro Samy # 280. Cancún,156117,026335-1,026335-1,https://samycosmetics.vteximg.com.br/arquivos/ids/156117/026335-1.jpg
026432,Esmalte Para Uñas Lasting Pro Samy # 339 Barbados,156118,026432-1,026432-1,https://samycosmetics.vteximg.com.br/arquivos/ids/156118/026432-1.jpg
026432,Esmalte Para Uñas Lasting Pro Samy # 339 Barbados,157086,339-BARBADOS-BRILLANTE,mano,https://samycosmetics.vteximg.com.br/arquivos/ids/157086/339-BARBADOS-BRILLANTE.jpg
026436,Esmalte Para Uñas Lasting Pro Samy # 343. Córdoba,156521,026436,026436,https://samycosmetics.vteximg.com.br/arquivos/ids/156521/026436.jpg
026442,Esmalte Profesional Lasting Pro Samy # 349. Haití,157135,349.-HAITI,026442,https://samycosmetics.vteximg.com.br/arquivos/ids/157135/349.-HAITI.jpg
026453,Esmalte Profesional Lasting Pro Samy # 360. Tegucigalpa,157356,ESMALTE-PROFESIONAL-SAMY---360,026453,https://samycosmetics.vteximg.com.br/arquivos/ids/157356/ESMALTE-PROFESIONAL-SAMY---360.jpg
026453,Esmalte Profesional Lasting Pro Samy # 360. Tegucigalpa,157364,ESMALTES-360-CUADRADA,026453,https://samycosmetics.vteximg.com.br/arquivos/ids/157364/ESMALTES-360-CUADRADA.jpg
026209,Esmalte Para Uñas Lasting Pro Samy # 002. Blanco Tiza,156518,026209-2,26209,https://samycosmetics.vteximg.com.br/arquivos/ids/156518/026209-2.jpg
026211,Esmalte Para Uñas Lasting Pro Samy # 039. Atlanta,156119,026211-1,026211-1,https://samycosmetics.vteximg.com.br/arquivos/ids/156119/026211-1.jpg
026212,Esmalte Para Uñas Lasting Pro Samy # 040. Bahamas,156120,026212-1,026212-1,https://samycosmetics.vteximg.com.br/arquivos/ids/156120/026212-1.jpg
026251,Esmalte Para Uñas Lasting Pro Samy # 171. Lagos,156121,026251-1,026251-1,https://samycosmetics.vteximg.com.br/arquivos/ids/156121/026251-1.jpg
026352,Esmalte Para Uñas Lasting Pro Samy # 297. Casablanca,156122,026352-1,026352-1,https://samycosmetics.vteximg.com.br/arquivos/ids/156122/026352-1.jpg
026219,Esmalte Para Uñas Lasting Pro Samy # 085. Ghana,156123,026219-1,026219-1,https://samycosmetics.vteximg.com.br/arquivos/ids/156123/026219-1.jpg
026317,Esmalte Para Uñas Lasting Pro Samy # 262. Egipto,156124,026317-1,026317-1,https://samycosmetics.vteximg.com.br/arquivos/ids/156124/026317-1.jpg
026332,Esmalte Para Uñas Lasting Pro Samy # 277. Atenas,156125,026332-1,026332-1,https://samycosmetics.vteximg.com.br/arquivos/ids/156125/026332-1.jpg
026339,Esmalte Para Uñas Lasting Pro Samy # 284. Israel,156126,026339-1,026339-1,https://samycosmetics.vteximg.com.br/arquivos/ids/156126/026339-1.jpg
026348,Esmalte Para Uñas Lasting Pro Samy # 293. Moscú,156127,026348-1,026348-1,https://samycosmetics.vteximg.com.br/arquivos/ids/156127/026348-1.jpg
026353,Esmalte Para Uñas Lasting Pro Samy # 298. Alejandría,156128,026353-1,026353-1,https://samycosmetics.vteximg.com.br/arquivos/ids/156128/026353-1.jpg
026469,Esmalte Para Uñas Lasting Pro Samy # 376. Sofía,157508,376,376,https://samycosmetics.vteximg.com.br/arquivos/ids/157508/376.png
026226,Esmalte Para Uñas Lasting Pro Samy # 106. Indonesia,156129,026226-1,026226-1,https://samycosmetics.vteximg.com.br/arquivos/ids/156129/026226-1.jpg
026227,Esmalte Para Uñas Lasting Pro Samy # 107. Bamako,156130,026227-1,026227-1,https://samycosmetics.vteximg.com.br/arquivos/ids/156130/026227-1.jpg
026247,Esmalte Para Uñas Lasting Pro Samy # 167. Nicaragua,156131,026247-1,026247-1,https://samycosmetics.vteximg.com.br/arquivos/ids/156131/026247-1.jpg
026302,Esmalte Para Uñas Lasting Pro Samy # 247. Catar,156132,026302-1,026302-1,https://samycosmetics.vteximg.com.br/arquivos/ids/156132/026302-1.jpg
026302,Esmalte Para Uñas Lasting Pro Samy # 247. Catar,157093,247-catar,mano,https://samycosmetics.vteximg.com.br/arquivos/ids/157093/247-catar.jpg
026302,Esmalte Para Uñas Lasting Pro Samy # 247. Catar,157094,247-catar,mano,https://samycosmetics.vteximg.com.br/arquivos/ids/157094/247-catar.jpg
026331,Esmalte Para Uñas Lasting Pro Samy # 276. Líbano,156133,026331-1,026331-1,https://samycosmetics.vteximg.com.br/arquivos/ids/156133/026331-1.jpg
026333,Esmalte Para Uñas Lasting Pro Samy # 278. Munich,156134,026333-1,026333-1,https://samycosmetics.vteximg.com.br/arquivos/ids/156134/026333-1.jpg
026337,Esmalte Para Uñas Lasting Pro Samy # 282. Bangkok,156135,026337-1,026337-1,https://samycosmetics.vteximg.com.br/arquivos/ids/156135/026337-1.jpg
026347,Esmalte Para Uñas Lasting Pro Samy # 292. Tel Aviv,156136,026347-1,026347-1,https://samycosmetics.vteximg.com.br/arquivos/ids/156136/026347-1.jpg
026362,Esmalte Para Uñas Lasting Pro Samy # 307. Escocia,156137,026362-1,026362-1,https://samycosmetics.vteximg.com.br/arquivos/ids/156137/026362-1.jpg
026363,Esmalte Para Uñas Lasting Pro Samy # 308. Noruega,156138,026363-1,026363-1,https://samycosmetics.vteximg.com.br/arquivos/ids/156138/026363-1.jpg
026379,Esmalte Para Uñas Lasting Pro Samy # 324. Edimburgo,156139,026379-1,026379-1,https://samycosmetics.vteximg.com.br/arquivos/ids/156139/026379-1.jpg
026450,Esmalte Profesional Lasting Pro Samy # 357. Eslovenia,157152,026450-ESMALTE-PROFESIONAL-LASTING-PRO-SAMY---357,026450--,https://samycosmetics.vteximg.com.br/arquivos/ids/157152/026450-ESMALTE-PROFESIONAL-LASTING-PRO-SAMY---357.png
026454,Esmalte Profesional Lasting Pro Samy # 361. Puebla,157361,ESMALTE-PROFESIONAL-SAMY---361,026454,https://samycosmetics.vteximg.com.br/arquivos/ids/157361/ESMALTE-PROFESIONAL-SAMY---361.jpg
026454,Esmalte Profesional Lasting Pro Samy # 361. Puebla,157365,ESMALTES-361-ENCUADRE,026454,https://samycosmetics.vteximg.com.br/arquivos/ids/157365/ESMALTES-361-ENCUADRE.jpg
026462,Esmalte Para Uñas Lasting Pro Samy # 369. Malasia,157462,ESMALTE-PROFESIONAL-SAMY---369,000000,https://samycosmetics.vteximg.com.br/arquivos/ids/157462/ESMALTE-PROFESIONAL-SAMY---369.png
026466,Esmalte Para Uñas Lasting Pro Samy # 373. Lyon,157511,373,373,https://samycosmetics.vteximg.com.br/arquivos/ids/157511/373.png
026267,Esmalte Para Uñas Lasting Pro Samy # 212. Cape Town,156140,026267-1,026267-1,https://samycosmetics.vteximg.com.br/arquivos/ids/156140/026267-1.jpg
026267,Esmalte Para Uñas Lasting Pro Samy # 212. Cape Town,157088,212-CAPE-TOWN-BRILLANTE,mano,https://samycosmetics.vteximg.com.br/arquivos/ids/157088/212-CAPE-TOWN-BRILLANTE.jpg
026300,Esmalte Para Uñas Lasting Pro Samy # 245. Botsuana,156141,026300-1,026300-1,https://samycosmetics.vteximg.com.br/arquivos/ids/156141/026300-1.jpg
026312,Esmalte Para Uñas Lasting Pro Samy # 257. Sacramento,156142,026312-1,026312-1,https://samycosmetics.vteximg.com.br/arquivos/ids/156142/026312-1.jpg
026313,Esmalte Para Uñas Lasting Pro Samy # 258. Siria,156143,026313-1,026313-1,https://samycosmetics.vteximg.com.br/arquivos/ids/156143/026313-1.jpg
026318,Esmalte Para Uñas Lasting Pro Samy # 263. República Checa,156144,026318-1,026318-1,https://samycosmetics.vteximg.com.br/arquivos/ids/156144/026318-1.jpg
026325,Esmalte Para Uñas Lasting Pro Samy # 270. Arabia Saudita,156145,026325-1,026325-1,https://samycosmetics.vteximg.com.br/arquivos/ids/156145/026325-1.jpg
026364,Esmalte Para Uñas Lasting Pro Samy # 309. Senegal,156146,026364-1,026364-1,https://samycosmetics.vteximg.com.br/arquivos/ids/156146/026364-1.jpg
026365,Esmalte Para Uñas Lasting Pro Samy # 310. Jerusalén,156147,026365-1,026365-1,https://samycosmetics.vteximg.com.br/arquivos/ids/156147/026365-1.jpg
026366,Esmalte Para Uñas Lasting Pro Samy # 311. Costa De Marfil,156148,026366-1,026366-1,https://samycosmetics.vteximg.com.br/arquivos/ids/156148/026366-1.jpg
026366,Esmalte Para Uñas Lasting Pro Samy # 311. Costa De Marfil,157089,311-COSTA-DE-MARFIL,mano,https://samycosmetics.vteximg.com.br/arquivos/ids/157089/311-COSTA-DE-MARFIL.jpg
026376,Esmalte Para Uñas Lasting Pro Samy # 321. Jordania,156149,026376-1,026376-1,https://samycosmetics.vteximg.com.br/arquivos/ids/156149/026376-1.jpg
026376,Esmalte Para Uñas Lasting Pro Samy # 321. Jordania,157090,321-JORDANIA,mano,https://samycosmetics.vteximg.com.br/arquivos/ids/157090/321-JORDANIA.jpg
026378,Esmalte Para Uñas Lasting Pro Samy # 323. Cuba,156150,026378-1,026378-1,https://samycosmetics.vteximg.com.br/arquivos/ids/156150/026378-1.jpg
026441,Esmalte Profesional Lasting Pro Samy # 348. Bélgica,157134,348-BELGICA,026441-,https://samycosmetics.vteximg.com.br/arquivos/ids/157134/348-BELGICA.jpg
026446,Esmalte Profesional Lasting Pro Samy # 353. Guajira,157148,026446-ESMALTE-PROFESIONAL-LASTING-PRO-SAMY-353,026446,https://samycosmetics.vteximg.com.br/arquivos/ids/157148/026446-ESMALTE-PROFESIONAL-LASTING-PRO-SAMY-353.png
026460,Esmalte Profesional Lasting Pro Samy # 367. Libia,157416,ESMALTE-PROFESIONAL-SAMY---367,3222222,https://samycosmetics.vteximg.com.br/arquivos/ids/157416/ESMALTE-PROFESIONAL-SAMY---367.jpg
026218,Esmalte Para Uñas Lasting Pro Samy # 084. Dinamarca,156151,026218-1,026218-1,https://samycosmetics.vteximg.com.br/arquivos/ids/156151/026218-1.jpg
026220,Esmalte Para Uñas Lasting Pro Samy # 092. El Salvador,156152,026220-1,026220-1,https://samycosmetics.vteximg.com.br/arquivos/ids/156152/026220-1.jpg
026230,Esmalte Para Uñas Lasting Pro Samy # 114. Budapest,156153,026230-1,026230-1,https://samycosmetics.vteximg.com.br/arquivos/ids/156153/026230-1.jpg
026246,Esmalte Para Uñas Lasting Pro Samy # 162. Mauritania,156154,026246-1,026246-1,https://samycosmetics.vteximg.com.br/arquivos/ids/156154/026246-1.jpg
026288,Esmalte Para Uñas Lasting Pro Samy # 233. Brunei,156155,026288-1,026288-1,https://samycosmetics.vteximg.com.br/arquivos/ids/156155/026288-1.jpg
026316,Esmalte Para Uñas Lasting Pro Samy # 261. Italia,156156,026316-1,026316-1,https://samycosmetics.vteximg.com.br/arquivos/ids/156156/026316-1.jpg
026334,Esmalte Para Uñas Lasting Pro Samy # 279. Oslo,156157,026334-1,026334-1,https://samycosmetics.vteximg.com.br/arquivos/ids/156157/026334-1.jpg
026338,Esmalte Para Uñas Lasting Pro Samy # 283. El Cairo,156158,026338-1,026338-1,https://samycosmetics.vteximg.com.br/arquivos/ids/156158/026338-1.jpg
026349,Esmalte Para Uñas Lasting Pro Samy # 294. San Marino,156159,026349-1,026349-1,https://samycosmetics.vteximg.com.br/arquivos/ids/156159/026349-1.jpg
026350,Esmalte Para Uñas Lasting Pro Samy # 295. Jaipur,156160,026350-1,026350-1,https://samycosmetics.vteximg.com.br/arquivos/ids/156160/026350-1.jpg
026351,Esmalte Para Uñas Lasting Pro Samy # 296. Ankara,156161,026351-1,026351-1,https://samycosmetics.vteximg.com.br/arquivos/ids/156161/026351-1.jpg
026369,Esmalte Para Uñas Lasting Pro Samy # 314. Toronto,156162,026369-1,026369-1,https://samycosmetics.vteximg.com.br/arquivos/ids/156162/026369-1.jpg
026370,Esmalte Para Uñas Lasting Pro Samy # 315. Honduras,156163,026370-1,026370-1,https://samycosmetics.vteximg.com.br/arquivos/ids/156163/026370-1.jpg
026371,Esmalte Para Uñas Lasting Pro Samy # 316. Manila,156164,026371-1,026371-1,https://samycosmetics.vteximg.com.br/arquivos/ids/156164/026371-1.jpg
026420,Esmalte Para Uñas Lasting Pro Samy # 327. Bután,156165,026420-1,026420-1,https://samycosmetics.vteximg.com.br/arquivos/ids/156165/026420-1.jpg
026421,Esmalte Para Uñas Lasting Pro Samy # 328. Taiwan,156166,026421-1,026421-1,https://samycosmetics.vteximg.com.br/arquivos/ids/156166/026421-1.jpg
026422,Esmalte Para Uñas Lasting Pro Samy # 329. Hanoi,156167,026422-1,026422-1,https://samycosmetics.vteximg.com.br/arquivos/ids/156167/026422-1.jpg
026423,Esmalte Para Uñas Lasting Pro Samy # 330.Marruecos,156168,026423-1,026423-1,https://samycosmetics.vteximg.com.br/arquivos/ids/156168/026423-1.jpg
026424,Esmalte Para Uñas Lasting Pro Samy # 331. Chad,156169,026424-1,026424-1,https://samycosmetics.vteximg.com.br/arquivos/ids/156169/026424-1.jpg
026425,Esmalte Para Uñas Lasting Pro Samy # 332. Tanzania,156170,026425-1,026425-1,https://samycosmetics.vteximg.com.br/arquivos/ids/156170/026425-1.jpg
026428,Esmalte Para Uñas Lasting Pro Samy # 335. Namibia - Edicion Limitada,156171,026428-1,026428-1,https://samycosmetics.vteximg.com.br/arquivos/ids/156171/026428-1.jpg
026443,Esmalte Profesional Lasting Pro Samy # 350. Mónaco,157136,350-MONACO,026443-,https://samycosmetics.vteximg.com.br/arquivos/ids/157136/350-MONACO.jpg
026463,Esmalte Para Uñas Lasting Pro Samy # 370. Brujas,157463,ESMALTE-PROFESIONAL-SAMY---370-BRUJAS,026463,https://samycosmetics.vteximg.com.br/arquivos/ids/157463/ESMALTE-PROFESIONAL-SAMY---370-BRUJAS.png
026282,Esmalte Para Uñas Lasting Pro Samy # 227. Trípoli,156945,026282-1,026282-1,https://samycosmetics.vteximg.com.br/arquivos/ids/156945/026282-1.jpg
026216,Esmalte Para Uñas Lasting Pro Samy # 046. Dakar,156173,026216-1,026216-1,https://samycosmetics.vteximg.com.br/arquivos/ids/156173/026216-1.jpg
026231,Esmalte Para Uñas Lasting Pro Samy # 117. Barcelona,156174,026231-1,026231-1,https://samycosmetics.vteximg.com.br/arquivos/ids/156174/026231-1.jpg
026231,Esmalte Para Uñas Lasting Pro Samy # 117. Barcelona,157084,117-BARCELONA-BRILLANTE,mano,https://samycosmetics.vteximg.com.br/arquivos/ids/157084/117-BARCELONA-BRILLANTE.jpg
026266,Esmalte Para Uñas Lasting Pro Samy # 211. Adelaida,156175,026266-1,026266-1,https://samycosmetics.vteximg.com.br/arquivos/ids/156175/026266-1.jpg
026213,Esmalte Para Uñas Lasting Pro Samy # 041. Baréin,156946,026213-1,026213-1,https://samycosmetics.vteximg.com.br/arquivos/ids/156946/026213-1.jpg
026286,Esmalte Para Uñas Lasting Pro Samy # 231. Londres,156177,026286-1,026286-1,https://samycosmetics.vteximg.com.br/arquivos/ids/156177/026286-1.jpg
026299,Esmalte Para Uñas Lasting Pro Samy # 244. Beirut,156178,026299-1,026299-1,https://samycosmetics.vteximg.com.br/arquivos/ids/156178/026299-1.jpg
026311,Esmalte Para Uñas Lasting Pro Samy # 256. Rumania,156179,026311-1,026311-1,https://samycosmetics.vteximg.com.br/arquivos/ids/156179/026311-1.jpg
026372,Esmalte Para Uñas Lasting Pro Samy # 317. Belo Horizonte,156180,026372-1,026372-1,https://samycosmetics.vteximg.com.br/arquivos/ids/156180/026372-1.jpg
026373,Esmalte Para Uñas Lasting Pro Samy # 318. Malta,156181,026373-1,026373-1,https://samycosmetics.vteximg.com.br/arquivos/ids/156181/026373-1.jpg
026435,Esmalte Para Uñas Lasting Pro Samy # 342 Vietnam,156182,026435-1,026435-1,https://samycosmetics.vteximg.com.br/arquivos/ids/156182/026435-1.jpg
026435,Esmalte Para Uñas Lasting Pro Samy # 342 Vietnam,157085,342-VIETNAM-BRILLANTE,mano,https://samycosmetics.vteximg.com.br/arquivos/ids/157085/342-VIETNAM-BRILLANTE.jpg
026468,Esmalte Para Uñas Lasting Pro Samy # 375. Houston,157509,375,026468,https://samycosmetics.vteximg.com.br/arquivos/ids/157509/375.png
026217,Esmalte Para Uñas Lasting Pro Samy # 068. Estocolmo,156183,026217-1,026217-1,https://samycosmetics.vteximg.com.br/arquivos/ids/156183/026217-1.jpg
026210,Esmalte Para Uñas Lasting Pro Samy # 024. Abu Dabi,156184,026210-1,026210-1,https://samycosmetics.vteximg.com.br/arquivos/ids/156184/026210-1.jpg
026235,Esmalte Para Uñas Lasting Pro Samy # 123. Las Vegas,156185,026235-1,026235-1,https://samycosmetics.vteximg.com.br/arquivos/ids/156185/026235-1.jpg
026243,Esmalte Para Uñas Lasting Pro Samy # 157. Japón,156186,026243-1,026243-1,https://samycosmetics.vteximg.com.br/arquivos/ids/156186/026243-1.jpg
026244,Esmalte Para Uñas Lasting Pro Samy # 158. Montreal,156187,026244-1,026244-1,https://samycosmetics.vteximg.com.br/arquivos/ids/156187/026244-1.jpg
026306,Esmalte Para Uñas Lasting Pro Samy # 251. Colombia,156188,026306-1,026306-1,https://samycosmetics.vteximg.com.br/arquivos/ids/156188/026306-1.jpg
026320,Esmalte Para Uñas Lasting Pro Samy # 265. Uruguay,156189,026320-1,026320-1,https://samycosmetics.vteximg.com.br/arquivos/ids/156189/026320-1.jpg
026326,Esmalte Para Uñas Lasting Pro Samy # 271. Calcuta,156190,026326-1,026326-1,https://samycosmetics.vteximg.com.br/arquivos/ids/156190/026326-1.jpg
026345,Esmalte Para Uñas Lasting Pro Samy # 290. París,156191,026345-1,026345-1,https://samycosmetics.vteximg.com.br/arquivos/ids/156191/026345-1.jpg
026359,Esmalte Para Uñas Lasting Pro Samy # 304. Cartagena,156192,026359-1,026359-1,https://samycosmetics.vteximg.com.br/arquivos/ids/156192/026359-1.jpg
026445,Esmalte Profesional Lasting Pro Samy # 352. España,157138,352-ESPAÑA,026445-,https://samycosmetics.vteximg.com.br/arquivos/ids/157138/352-ESPAÑA.jpg
026470,Esmalte Para Uñas Lasting Pro Samy # 377. Bruselas,157507,377,377,https://samycosmetics.vteximg.com.br/arquivos/ids/157507/377.png
026214,Esmalte Para Uñas Lasting Pro Samy # 044. Canberra,156193,026214-1,026214-1,https://samycosmetics.vteximg.com.br/arquivos/ids/156193/026214-1.jpg
026214,Esmalte Para Uñas Lasting Pro Samy # 044. Canberra,157082,44-CANBERRA,mano,https://samycosmetics.vteximg.com.br/arquivos/ids/157082/44-CANBERRA.jpg
026221,Esmalte Para Uñas Lasting Pro Samy # 093. Curitiba,156194,026221-1,026221-1,https://samycosmetics.vteximg.com.br/arquivos/ids/156194/026221-1.jpg
026232,Esmalte Para Uñas Lasting Pro Samy # 118. Lisboa,156195,026232-1,026232-1,https://samycosmetics.vteximg.com.br/arquivos/ids/156195/026232-1.jpg
026237,Esmalte Para Uñas Lasting Pro Samy # 143. Denver,156196,026237-1,026237-1,https://samycosmetics.vteximg.com.br/arquivos/ids/156196/026237-1.jpg
026250,Esmalte Para Uñas Lasting Pro Samy # 170. Quito,156197,026250-1,026250-1,https://samycosmetics.vteximg.com.br/arquivos/ids/156197/026250-1.jpg
026259,Esmalte Para Uñas Lasting Pro Samy # 200. Ciudad Del Cabo,156198,026259-1,026259-1,https://samycosmetics.vteximg.com.br/arquivos/ids/156198/026259-1.jpg
026287,Esmalte Para Uñas Lasting Pro Samy # 232. Angola,156199,026287-1,026287-1,https://samycosmetics.vteximg.com.br/arquivos/ids/156199/026287-1.jpg
026315,Esmalte Para Uñas Lasting Pro Samy # 260. Suecia,156200,026315-1,026315-1,https://samycosmetics.vteximg.com.br/arquivos/ids/156200/026315-1.jpg
026319,Esmalte Para Uñas Lasting Pro Samy # 264. Armenia,156201,026319-1,026319-1,https://samycosmetics.vteximg.com.br/arquivos/ids/156201/026319-1.jpg
026336,Esmalte Para Uñas Lasting Pro Samy # 281. Hong Kong,156202,026336-1,026336-1,https://samycosmetics.vteximg.com.br/arquivos/ids/156202/026336-1.jpg
026354,Esmalte Para Uñas Lasting Pro Samy # 299. Nepal,156203,026354-1,026354-1,https://samycosmetics.vteximg.com.br/arquivos/ids/156203/026354-1.jpg
026367,Esmalte Para Uñas Lasting Pro Samy # 312. Túnez,156204,026367-1,026367-1,https://samycosmetics.vteximg.com.br/arquivos/ids/156204/026367-1.jpg
026367,Esmalte Para Uñas Lasting Pro Samy # 312. Túnez,157083,312-TUNEZ-BRILLANTE--1-,mano,https://samycosmetics.vteximg.com.br/arquivos/ids/157083/312-TUNEZ-BRILLANTE--1-.jpg
026377,Esmalte Para Uñas Lasting Pro Samy # 322. Puerto Alegre,156205,026377-1,026377-1,https://samycosmetics.vteximg.com.br/arquivos/ids/156205/026377-1.jpg
026434,Esmalte Para Uñas Lasting Pro Samy # 341 Florencia,156206,026434-1,026434-1,https://samycosmetics.vteximg.com.br/arquivos/ids/156206/026434-1.jpg
026447,Esmalte Profesional Lasting Pro Samy # 354. Dallas,157149,026447-ESMALTE-PROFESIONAL-LASTING-PRO-SAMY---354,026447--,https://samycosmetics.vteximg.com.br/arquivos/ids/157149/026447-ESMALTE-PROFESIONAL-LASTING-PRO-SAMY---354.png
026451,Esmalte Profesional Lasting Pro Samy # 358. Montecarlo,157359,ESMALTE-PROFESIONAL-SAMY---358,026451,https://samycosmetics.vteximg.com.br/arquivos/ids/157359/ESMALTE-PROFESIONAL-SAMY---358.jpg
026451,Esmalte Profesional Lasting Pro Samy # 358. Montecarlo,157362,ESMALTES-358-CUADRADA,026451,https://samycosmetics.vteximg.com.br/arquivos/ids/157362/ESMALTES-358-CUADRADA.jpg
0264610,Esmalte Para Uñas Lasting Pro Samy # 368. Perú,157460,ESMALTE-PROFESIONAL-LASTING-PRO-SAMY---368,000000,https://samycosmetics.vteximg.com.br/arquivos/ids/157460/ESMALTE-PROFESIONAL-LASTING-PRO-SAMY---368.png
026208,Esmalte Para Uñas Lasting Pro Samy # 001. Brillo,156207,026208-1,026208-1,https://samycosmetics.vteximg.com.br/arquivos/ids/156207/026208-1.jpg
026314,Esmalte Para Uñas Lasting Pro Samy # 259. Valencia,156947,026314-1,026314-1,https://samycosmetics.vteximg.com.br/arquivos/ids/156947/026314-1.jpg
026307,Esmalte Para Uñas Lasting Pro Samy # 252. Argentina,156948,026307-1,026307-1,https://samycosmetics.vteximg.com.br/arquivos/ids/156948/026307-1.jpg
026361,Esmalte Para Uñas Lasting Pro Samy # 306. Guyana,156210,026361-1,026361-1,https://samycosmetics.vteximg.com.br/arquivos/ids/156210/026361-1.jpg
026361,Esmalte Para Uñas Lasting Pro Samy # 306. Guyana,157091,306-GUYANA-BRILLANTE,mano,https://samycosmetics.vteximg.com.br/arquivos/ids/157091/306-GUYANA-BRILLANTE.jpg
026368,Esmalte Para Uñas Lasting Pro Samy # 313. Cabo Verde,156211,026368-1,026368-1,https://samycosmetics.vteximg.com.br/arquivos/ids/156211/026368-1.jpg
026380,Esmalte Para Uñas Lasting Pro Samy # 325. Kingston,156212,026380-1,026380-1,https://samycosmetics.vteximg.com.br/arquivos/ids/156212/026380-1.jpg
026381,Esmalte Para Uñas Lasting Pro Samy # 326. México,156213,026381-1,026381-1,https://samycosmetics.vteximg.com.br/arquivos/ids/156213/026381-1.jpg
026437,Esmalte Para Uñas Lasting Pro Samy # 344. Taipéi,156522,026437,026437,https://samycosmetics.vteximg.com.br/arquivos/ids/156522/026437.jpg
026449,026449  Esmalte Profesional Lasting Pro Samy # 356. Nairobi,157151,026449-ESMALTE-PROFESIONAL-LASTING-PRO-SAMY---356,026449--,https://samycosmetics.vteximg.com.br/arquivos/ids/157151/026449-ESMALTE-PROFESIONAL-LASTING-PRO-SAMY---356.png
026455,Esmalte Profesional Lasting Pro Samy # 362. Nigeria,157358,ESMALTE-PROFESIONAL-SAMY---362,026455,https://samycosmetics.vteximg.com.br/arquivos/ids/157358/ESMALTE-PROFESIONAL-SAMY---362.jpg
026455,Esmalte Profesional Lasting Pro Samy # 362. Nigeria,157366,ESMALTES-362-ENCUADRE,026455,https://samycosmetics.vteximg.com.br/arquivos/ids/157366/ESMALTES-362-ENCUADRE.jpg
0264640,Esmalte Para Uñas Lasting Pro Samy # 371. Islas Salomón,157464,ESMALTE-PROFESIONAL-SAMY---371,ESMALTE-PROFESIONAL-SAMY---371,https://samycosmetics.vteximg.com.br/arquivos/ids/157464/ESMALTE-PROFESIONAL-SAMY---371.png
026215,Esmalte Para Uñas Lasting Pro Samy # 045. Bolivia,156214,026215-1,026215-1,https://samycosmetics.vteximg.com.br/arquivos/ids/156214/026215-1.jpg
026229,Esmalte Para Uñas Lasting Pro Samy # 109. Hamburgo,156215,026229-1,026229-1,https://samycosmetics.vteximg.com.br/arquivos/ids/156215/026229-1.jpg
026234,Esmalte Para Uñas Lasting Pro Samy # 122. Zimbabue,156216,026234-1,026234-1,https://samycosmetics.vteximg.com.br/arquivos/ids/156216/026234-1.jpg
026268,Esmalte Para Uñas Lasting Pro Samy # 213. Xian,156217,026268-1,026268-1,https://samycosmetics.vteximg.com.br/arquivos/ids/156217/026268-1.jpg
026269,Esmalte Para Uñas Lasting Pro Samy # 214. Torreón,156218,026269-1,026269-1,https://samycosmetics.vteximg.com.br/arquivos/ids/156218/026269-1.jpg
026270,Esmalte Para Uñas Lasting Pro Samy # 215. Detroit,156219,026270-1,026270-1,https://samycosmetics.vteximg.com.br/arquivos/ids/156219/026270-1.jpg
026273,Esmalte Para Uñas Lasting Pro Samy # 218. Inglaterra,156220,026273-1,026273-1,https://samycosmetics.vteximg.com.br/arquivos/ids/156220/026273-1.jpg
026301,Esmalte Para Uñas Lasting Pro Samy # 246. Islandia,156221,026301-1,026301-1,https://samycosmetics.vteximg.com.br/arquivos/ids/156221/026301-1.jpg
026340,Esmalte Para Uñas Lasting Pro Samy # 285. San Petersburgo,156222,026340-1,026340-1,https://samycosmetics.vteximg.com.br/arquivos/ids/156222/026340-1.jpg
026346,Esmalte Para Uñas Lasting Pro Samy # 291. Sudán,156223,026346-1,026346-1,https://samycosmetics.vteximg.com.br/arquivos/ids/156223/026346-1.jpg
026356,Esmalte Para Uñas Lasting Pro Samy # 301. Corea,156224,026356-1,026356-1,https://samycosmetics.vteximg.com.br/arquivos/ids/156224/026356-1.jpg
026357,Esmalte Para Uñas Lasting Pro Samy # 302. Punta Del Este,156515,026357-1,026357-1,https://samycosmetics.vteximg.com.br/arquivos/ids/156515/026357-1.jpg
026360,Esmalte Para Uñas Lasting Pro Samy # 305. Bangladesh,156516,026360-1,026360-1,https://samycosmetics.vteximg.com.br/arquivos/ids/156516/026360-1.jpg
026433,Esmalte Para Uñas Lasting Pro Samy # 340 Manaos,156517,026433-1,026433-1,https://samycosmetics.vteximg.com.br/arquivos/ids/156517/026433-1.jpg
026444,Esmalte Profesional Lasting Pro Samy # 351. Luxemburgo,157137,351-LUXEMBURGO,026444-,https://samycosmetics.vteximg.com.br/arquivos/ids/157137/351-LUXEMBURGO.jpg
026448,Esmalte Profesional Lasting Pro Samy # 355. Teherán,157150,026448-ESMALTE-PROFESIONAL-LASTING-PRO-SAMY---355,026448--,https://samycosmetics.vteximg.com.br/arquivos/ids/157150/026448-ESMALTE-PROFESIONAL-LASTING-PRO-SAMY---355.png
026452,Esmalte Profesional Lasting Pro Samy # 359. Kuala Lumpur,157355,ESMALTE-PROFESIONAL-SAMY-359,026452,https://samycosmetics.vteximg.com.br/arquivos/ids/157355/ESMALTE-PROFESIONAL-SAMY-359.jpg
026452,Esmalte Profesional Lasting Pro Samy # 359. Kuala Lumpur,157363,ESMALTES-359-CUADRADA,026452,https://samycosmetics.vteximg.com.br/arquivos/ids/157363/ESMALTES-359-CUADRADA.jpg
001062,Espuma Facial Limpiadora Samy,157442,001062-ESPUMA-FACIAL-LIMPIADORA,001062-ESPUMA-FACIAL-LIMPIADORA,https://samycosmetics.vteximg.com.br/arquivos/ids/157442/001062-ESPUMA-FACIAL-LIMPIADORA.jpg
021960,Fijador De Maquillaje 80Ml Samy,156226,021960-1,021960-1,https://samycosmetics.vteximg.com.br/arquivos/ids/156226/021960-1.jpg
021960,Fijador De Maquillaje 80Ml Samy,156967,021960-2,021960-2,https://samycosmetics.vteximg.com.br/arquivos/ids/156967/021960-2.jpg
021960,Fijador De Maquillaje 80Ml Samy,156968,021960-3,021960-3,https://samycosmetics.vteximg.com.br/arquivos/ids/156968/021960-3.jpg
145002,Gel Antibacterial Clear Samy X 500 Ml,156227,145002-1,145002-1,https://samycosmetics.vteximg.com.br/arquivos/ids/156227/145002-1.jpg
001009,Gotas Para Secar Esmalte Express Dry Samy,156228,001009-1,001009-1,https://samycosmetics.vteximg.com.br/arquivos/ids/156228/001009-1.jpg
045004,Iluminador Cremoso En Barra Samy # 02. Iridescent Red,156229,045004-1,045004-1,https://samycosmetics.vteximg.com.br/arquivos/ids/156229/045004-1.jpg
045005,Iluminador Cremoso En Barra Samy # 03. Radiant Light,156230,045005-1,045005-1,https://samycosmetics.vteximg.com.br/arquivos/ids/156230/045005-1.jpg
045006,Iluminador Cremoso En Barra Samy # 04. Touch Of Gold,156231,045006-1,045006-1,https://samycosmetics.vteximg.com.br/arquivos/ids/156231/045006-1.jpg
045001,Iluminador Cremoso Luminous Glance Samy # 01. Blanco,157473,ILUMINADOR-CREMOSO-1-2023,045001-1,https://samycosmetics.vteximg.com.br/arquivos/ids/157473/ILUMINADOR-CREMOSO-1-2023.jpg
045002,Iluminador Cremoso Luminous Glance Samy # 02. Beige,157474,ILUMINADOR-CREMOSO-2-2023,045002,https://samycosmetics.vteximg.com.br/arquivos/ids/157474/ILUMINADOR-CREMOSO-2-2023.jpg
046004,Kit para cejas perfect brows Samy # 01. Blonde,156234,046004-1,046004-1,https://samycosmetics.vteximg.com.br/arquivos/ids/156234/046004-1.jpg
046005,Kit para cejas perfect brows Samy # 02. Brunette,156235,046005-1,046005-1,https://samycosmetics.vteximg.com.br/arquivos/ids/156235/046005-1.jpg
023001,Labial Humectante Samy # 001,159469,labial-humectante-samy-01,labial-humectante-samy-01,https://samycosmetics.vteximg.com.br/arquivos/ids/159469/labial-humectante-samy-01.jpg
023006,Labial Humectante Samy # 006,159514,labial-humectante-samy-6,labial-humectante-samy-6,https://samycosmetics.vteximg.com.br/arquivos/ids/159514/labial-humectante-samy-6.jpg
023013,Labial Humectante Samy # 013,159510,labial-humectante-samy-13,labial-humectante-samy-13,https://samycosmetics.vteximg.com.br/arquivos/ids/159510/labial-humectante-samy-13.jpg
023015,Labial Humectante Samy # 015,159509,labial-humectante-samy-15,labial-humectante-samy-15,https://samycosmetics.vteximg.com.br/arquivos/ids/159509/labial-humectante-samy-15.jpg
023027,Labial Humectante Samy # 027,159508,labial-humectante-samy-27,labial-humectante-samy-27,https://samycosmetics.vteximg.com.br/arquivos/ids/159508/labial-humectante-samy-27.jpg
023802,Labial Humectante Samy # 032,159506,labial-humectante-samy-32,labial-humectante-samy-32,https://samycosmetics.vteximg.com.br/arquivos/ids/159506/labial-humectante-samy-32.jpg
023803,Labial Humectante Samy # 033,159507,labial-humectante-samy-33,labial-humectante-samy-33,https://samycosmetics.vteximg.com.br/arquivos/ids/159507/labial-humectante-samy-33.jpg
023804,Labial Humectante Samy # 034,159503,labial-humectante-samy-34,labial-humectante-samy-34,https://samycosmetics.vteximg.com.br/arquivos/ids/159503/labial-humectante-samy-34.jpg
023806,Labial Humectante Samy # 036,159504,labial-humectante-samy-36,labial-humectante-samy-36,https://samycosmetics.vteximg.com.br/arquivos/ids/159504/labial-humectante-samy-36.jpg
023042,Labial Humectante Samy # 042,159505,labial-humectante-samy-42,labial-humectante-samy-42,https://samycosmetics.vteximg.com.br/arquivos/ids/159505/labial-humectante-samy-42.jpg
023050,Labial Humectante Samy # 050,159501,labial-humectante-samy-50,labial-humectante-samy-50,https://samycosmetics.vteximg.com.br/arquivos/ids/159501/labial-humectante-samy-50.jpg
023055,Labial Humectante Samy # 055,159502,labial-humectante-samy-55,labial-humectante-samy-55,https://samycosmetics.vteximg.com.br/arquivos/ids/159502/labial-humectante-samy-55.jpg
023145,Labial Humectante Samy # 145,159499,labial-humectante-samy-145,labial-humectante-samy-145,https://samycosmetics.vteximg.com.br/arquivos/ids/159499/labial-humectante-samy-145.jpg
023150,Labial Humectante Samy # 150,156251,023150-1,023150-1,https://samycosmetics.vteximg.com.br/arquivos/ids/156251/023150-1.jpg
023018,Labial Humectante Samy # 018,159515,labial-humectante-samy-18,labial-humectante-samy-18,https://samycosmetics.vteximg.com.br/arquivos/ids/159515/labial-humectante-samy-18.jpg
023199,Labial Humectante Samy # 199,159500,labial-humectante-samy-199,labial-humectante-samy-199,https://samycosmetics.vteximg.com.br/arquivos/ids/159500/labial-humectante-samy-199.jpg
023203,Labial Humectante Samy # 203,159497,labial-humectante-samy-203,labial-humectante-samy-203,https://samycosmetics.vteximg.com.br/arquivos/ids/159497/labial-humectante-samy-203.jpg
023214,Labial Humectante Samy # 214,159498,labial-humectante-samy-214,labial-humectante-samy-214,https://samycosmetics.vteximg.com.br/arquivos/ids/159498/labial-humectante-samy-214.jpg
023215,Labial Humectante Samy # 215,159496,labial-humectante-samy-215,labial-humectante-samy-215,https://samycosmetics.vteximg.com.br/arquivos/ids/159496/labial-humectante-samy-215.jpg
023217,Labial Humectante Samy # 217,159495,labial-humectante-samy-217,labial-humectante-samy-217,https://samycosmetics.vteximg.com.br/arquivos/ids/159495/labial-humectante-samy-217.jpg
023218,Labial Humectante Samy # 218,159493,labial-humectante-samy-218,labial-humectante-samy-218,https://samycosmetics.vteximg.com.br/arquivos/ids/159493/labial-humectante-samy-218.jpg
023220,Labial Humectante Samy # 220,157790,LABIAL-HUMECTANTE-SAMY-_-220,LABIAL-HUMECTANTE-SAMY-_-220,https://samycosmetics.vteximg.com.br/arquivos/ids/157790/LABIAL-HUMECTANTE-SAMY-_-220.jpg
023222,Labial Humectante Samy # 222,159492,labial-humectante-samy-222,labial-humectante-samy-222,https://samycosmetics.vteximg.com.br/arquivos/ids/159492/labial-humectante-samy-222.jpg
023224,Labial Humectante Samy # 224,159491,labial-humectante-samy-224,labial-humectante-samy-224,https://samycosmetics.vteximg.com.br/arquivos/ids/159491/labial-humectante-samy-224.jpg
023226,Labial Humectante Samy # 226,159490,labial-humectante-samy-226,labial-humectante-samy-226,https://samycosmetics.vteximg.com.br/arquivos/ids/159490/labial-humectante-samy-226.jpg
023227,Labial Humectante Samy # 227,159489,labial-humectante-samy-227,labial-humectante-samy-227,https://samycosmetics.vteximg.com.br/arquivos/ids/159489/labial-humectante-samy-227.jpg
023240,Labial Humectante Samy # 240,159486,labial-humectante-samy-240,labial-humectante-samy-240,https://samycosmetics.vteximg.com.br/arquivos/ids/159486/labial-humectante-samy-240.jpg
023243,Labial Humectante Samy # 243,159482,labial-humectante-samy-243,labial-humectante-samy-243,https://samycosmetics.vteximg.com.br/arquivos/ids/159482/labial-humectante-samy-243.jpg
023246,Labial Humectante Samy # 246,156266,023246-1,023246-1,https://samycosmetics.vteximg.com.br/arquivos/ids/156266/023246-1.jpg
023249,Labial Humectante Samy # 249,156267,023249-1,023249-1,https://samycosmetics.vteximg.com.br/arquivos/ids/156267/023249-1.jpg
023076,Labial Humectante Samy # 076,157797,LABIAL-HUMECTANTE-SAMY-_-76,LABIAL-HUMECTANTE-SAMY-_-76,https://samycosmetics.vteximg.com.br/arquivos/ids/157797/LABIAL-HUMECTANTE-SAMY-_-76.jpg
023288,Labial Humectante Samy # 284,157800,284,284,https://samycosmetics.vteximg.com.br/arquivos/ids/157800/284.jpg
023807,Labial Humectante Samy #285,159512,labial-humectante-samy-285,labial-humectante-samy-285,https://samycosmetics.vteximg.com.br/arquivos/ids/159512/labial-humectante-samy-285.jpg
023808,Labial Humectante Samy #286,159513,labial-humectante-samy-286,labial-humectante-samy-286,https://samycosmetics.vteximg.com.br/arquivos/ids/159513/labial-humectante-samy-286.jpg
023809,Labial Humectante Samy #287,159511,labial-humectante-samy-287,labial-humectante-samy-287,https://samycosmetics.vteximg.com.br/arquivos/ids/159511/labial-humectante-samy-287.jpg
025001,Labial Larga Duracion Day To Night Samy # 1,156271,025001-1,025001-1,https://samycosmetics.vteximg.com.br/arquivos/ids/156271/025001-1.jpg
025012,Labial Larga Duracion Day To Night Samy # 12,156272,025012-1,025012-1,https://samycosmetics.vteximg.com.br/arquivos/ids/156272/025012-1.jpg
025013,Labial Larga Duracion Day To Night Samy # 13,156273,025013-1,025013-1,https://samycosmetics.vteximg.com.br/arquivos/ids/156273/025013-1.jpg
025015,Labial Larga Duracion Day To Night Samy # 15,156274,025015-1,025015-1,https://samycosmetics.vteximg.com.br/arquivos/ids/156274/025015-1.jpg
025018,Labial Larga Duracion Day To Night Samy # 18,156275,025018-1,025018-1,https://samycosmetics.vteximg.com.br/arquivos/ids/156275/025018-1.jpg
025022,Labial Larga Duracion Day To Night Samy # 22,156276,025022-1,025022-1,https://samycosmetics.vteximg.com.br/arquivos/ids/156276/025022-1.jpg
025023,Labial Larga Duracion Day To Night Samy # 23,156277,025023-1,025023-1,https://samycosmetics.vteximg.com.br/arquivos/ids/156277/025023-1.jpg
025024,Labial Larga Duracion Day To Night Samy # 24,156278,025024-1,025024-1,https://samycosmetics.vteximg.com.br/arquivos/ids/156278/025024-1.jpg
025025,Labial Larga Duracion Day To Night Samy # 25,156279,025025-1,025025-1,https://samycosmetics.vteximg.com.br/arquivos/ids/156279/025025-1.jpg
025026,Labial Larga Duracion Day To Night Samy # 26,156280,025026-1,025026-1,https://samycosmetics.vteximg.com.br/arquivos/ids/156280/025026-1.jpg
025027,Labial Larga Duracion Day To Night Samy # 27,156281,025027-1,025027-1,https://samycosmetics.vteximg.com.br/arquivos/ids/156281/025027-1.jpg
025029,Labial Larga Duracion Day To Night Samy # 29,156282,025029-1,025029-1,https://samycosmetics.vteximg.com.br/arquivos/ids/156282/025029-1.jpg
025003,Labial Larga Duracion Day To Night Samy # 3,156283,025003-1,025003-1,https://samycosmetics.vteximg.com.br/arquivos/ids/156283/025003-1.jpg
025030,Labial Larga Duracion Day To Night Samy # 30,156284,025030-1,025030-1,https://samycosmetics.vteximg.com.br/arquivos/ids/156284/025030-1.jpg
025031,Labial Larga Duracion Day To Night Samy # 31,156285,025031-1,025031-1,https://samycosmetics.vteximg.com.br/arquivos/ids/156285/025031-1.jpg
025032,Labial Larga Duracion Day To Night Samy # 32,156286,025032-1,025032-1,https://samycosmetics.vteximg.com.br/arquivos/ids/156286/025032-1.jpg
025034,Labial Larga Duracion Day To Night Samy # 34,156287,025034-1,025034-1,https://samycosmetics.vteximg.com.br/arquivos/ids/156287/025034-1.jpg
025005,Labial Larga Duracion Day To Night Samy # 5,156288,025005-1,025005-1,https://samycosmetics.vteximg.com.br/arquivos/ids/156288/025005-1.jpg
025009,Labial Larga Duracion Day To Night Samy # 9,156289,025009-1,025009-1,https://samycosmetics.vteximg.com.br/arquivos/ids/156289/025009-1.jpg
025114,Labial Líquido Mate Samy # 01. Naked,156290,025114-1,025114-1,https://samycosmetics.vteximg.com.br/arquivos/ids/156290/025114-1.jpg
025115,Labial Líquido Mate Samy # 02. Nude 'N Sexy,156291,025115-1,025115-1,https://samycosmetics.vteximg.com.br/arquivos/ids/156291/025115-1.jpg
025116,Labial Líquido Mate Samy # 03. Brown Sugar,156292,025116-1,025116-1,https://samycosmetics.vteximg.com.br/arquivos/ids/156292/025116-1.jpg
025119,Labial Líquido Mate Samy # 06. Red Velvet,156294,025119-1,025119-1,https://samycosmetics.vteximg.com.br/arquivos/ids/156294/025119-1.jpg
025120,Labial Líquido Mate Samy # 07. Burlesque,156295,025120-1,025120-1,https://samycosmetics.vteximg.com.br/arquivos/ids/156295/025120-1.jpg
025121,Labial Líquido Mate Samy # 08. Sahara,156296,025121-1,025121-1,https://samycosmetics.vteximg.com.br/arquivos/ids/156296/025121-1.jpg
025122,Labial Líquido Mate Samy # 09. Dreamgirl,156297,025122-1,025122-1,https://samycosmetics.vteximg.com.br/arquivos/ids/156297/025122-1.jpg
025125,Labial Líquido Mate Samy # 12. Nude Parade,156299,025125-1,025125-1,https://samycosmetics.vteximg.com.br/arquivos/ids/156299/025125-1.jpg
025126,Labial Líquido Mate Samy # 13. Enchanted Potion,156300,025126-1,025126-1,https://samycosmetics.vteximg.com.br/arquivos/ids/156300/025126-1.jpg
025127,Labial Líquido Mate Samy # 14. Midnight Drama,156301,025127-1,025127-1,https://samycosmetics.vteximg.com.br/arquivos/ids/156301/025127-1.jpg
025128,Labial Líquido Mate Samy # 15. Revenge,156302,025128-1,025128-1,https://samycosmetics.vteximg.com.br/arquivos/ids/156302/025128-1.jpg
025129,Labial Líquido Mate Samy # 16. Bombshell,156303,025129-1,025129-1,https://samycosmetics.vteximg.com.br/arquivos/ids/156303/025129-1.jpg
025130,Labial Líquido Mate Samy # 17. Hot Cocoa,156304,025130-1,025130-1,https://samycosmetics.vteximg.com.br/arquivos/ids/156304/025130-1.jpg
025131,Labial Líquido Mate Samy # 18. Girl Boss,156305,025131-1,025131-1,https://samycosmetics.vteximg.com.br/arquivos/ids/156305/025131-1.jpg
025132,Labial Líquido Mate Samy # 19. Chai Latte,156306,025132-1,025132-1,https://samycosmetics.vteximg.com.br/arquivos/ids/156306/025132-1.jpg
025133,Labial Líquido Mate Samy # 20. Gingerbread,157517,Labial-tono-20,000000,https://samycosmetics.vteximg.com.br/arquivos/ids/157517/Labial-tono-20.jpg
025134,Labial Líquido Mate Samy # 21. Cherry Wine,157518,Labial-tono-21,000000,https://samycosmetics.vteximg.com.br/arquivos/ids/157518/Labial-tono-21.jpg
023424,Labial Mate Metálico Samy # 01. Moonlight,156523,23424-1,23424-1,https://samycosmetics.vteximg.com.br/arquivos/ids/156523/23424-1.jpg
023425,Labial Mate Metálico Samy # 02. Arctic Rose,156524,23425-1,23425-1,https://samycosmetics.vteximg.com.br/arquivos/ids/156524/23425-1.jpg
023426,Labial Mate Metálico Samy # 03. Frozen Wood,156307,023426-1,023426-1,https://samycosmetics.vteximg.com.br/arquivos/ids/156307/023426-1.jpg
023429,Labial Mate Metálico Samy # 06. Mystic Grape,156308,023429-1,023429-1,https://samycosmetics.vteximg.com.br/arquivos/ids/156308/023429-1.jpg
023430,Labial Mate Metálico Samy # 07. Golden Wine,156309,023430-1,023430-1,https://samycosmetics.vteximg.com.br/arquivos/ids/156309/023430-1.jpg
023431,Labial Mate Metálico Samy # 08. Galactic Fuchsia,156310,023431-1,023431-1,https://samycosmetics.vteximg.com.br/arquivos/ids/156310/023431-1.jpg
023432,Labial Mate Metálico Samy # 09. Wild Strawberry,156311,023432-1,023432-1,https://samycosmetics.vteximg.com.br/arquivos/ids/156311/023432-1.jpg
023433,Labial Mate Metálico Samy # 10. Red Nebula,156312,023433-1,023433-1,https://samycosmetics.vteximg.com.br/arquivos/ids/156312/023433-1.jpg
023434,Labial Mate Metálico Samy # 11. Mystical Rosewood,156313,023434-1,023434-1,https://samycosmetics.vteximg.com.br/arquivos/ids/156313/023434-1.jpg
023435,Labial Mate Metálico Samy # 12. Golden Sand,156314,023435-1,023435-1,https://samycosmetics.vteximg.com.br/arquivos/ids/156314/023435-1.jpg
023436,Labial Mate Metálico Samy # 13. Oriental Pearl,156315,023436-1,023436-1,https://samycosmetics.vteximg.com.br/arquivos/ids/156315/023436-1.jpg
114010,Labial Retráctil Mate Cremoso Samy # 01. Cotton Candy,156316,114010-1,114010-1,https://samycosmetics.vteximg.com.br/arquivos/ids/156316/114010-1.jpg
114011,Labial Retráctil Mate Cremoso Samy # 02. Caramel Flan,156317,114011-1,114011-1,https://samycosmetics.vteximg.com.br/arquivos/ids/156317/114011-1.jpg
114012,Labial Retráctil Mate Cremoso Samy # 03. Cinnamon Roll,156318,114012-1,114012-1,https://samycosmetics.vteximg.com.br/arquivos/ids/156318/114012-1.jpg
114013,Labial Retráctil Mate Cremoso Samy # 04. Tiramisu,156319,114013-1,114013-1,https://samycosmetics.vteximg.com.br/arquivos/ids/156319/114013-1.jpg
114014,Labial Retráctil Mate Cremoso Samy # 05. Classic Brownie,156320,114014-1,114014-1,https://samycosmetics.vteximg.com.br/arquivos/ids/156320/114014-1.jpg
114016,Labial Retráctil Mate Cremoso Samy # 07. Cherry Pie,156321,114016-1,114016-1,https://samycosmetics.vteximg.com.br/arquivos/ids/156321/114016-1.jpg
114018,Labial Retráctil Mate Cremoso Samy # 09. Berry Cake,156322,114018-1,114018-1,https://samycosmetics.vteximg.com.br/arquivos/ids/156322/114018-1.jpg
114019,Labial Retráctil Mate Cremoso Samy # 10. Grape Marmalade,156323,114019-1,114019-1,https://samycosmetics.vteximg.com.br/arquivos/ids/156323/114019-1.jpg
114005,Lapiz Delineador A Prueba De Agua Samy # 01. Negro - Black,156324,114005-1,114005-1,https://samycosmetics.vteximg.com.br/arquivos/ids/156324/114005-1.png
114008,Lapiz Delineador A Prueba De Agua Samy # 02. Café Claro - Light Brown,156325,114008-1,114008-1,https://samycosmetics.vteximg.com.br/arquivos/ids/156325/114008-1.png
114009,Lapiz Delineador A Prueba De Agua Samy # 03. Café Expreso - Espresso,156326,114009-1,114009-1,https://samycosmetics.vteximg.com.br/arquivos/ids/156326/114009-1.png
054001,Lapiz Delineador Con Sacapuntas Samy # 01. Blanco,158181,Lapiz-Delineador-con-Sacapuntas-Late-BLANCO-----.jpg,Lapiz-Delineador-con-Sacapuntas-Late-BLANCO-----.jpg,https://samycosmetics.vteximg.com.br/arquivos/ids/158181/Lapiz-Delineador-con-Sacapuntas-Late-BLANCO-----.jpg.jpg
054002,Lapiz Delineador Con Sacapuntas Samy # 02. Cabernet,158180,Lapiz-Delineador-con-Sacapuntas-Late-CABERNET.jpg,Lapiz-Delineador-con-Sacapuntas-Late-CABERNET.jpg,https://samycosmetics.vteximg.com.br/arquivos/ids/158180/Lapiz-Delineador-con-Sacapuntas-Late-CABERNET.jpg.jpg
054003,Lapiz Delineador Con Sacapuntas Samy # 03. Café,158179,Lapiz-Delineador-con-Sacapuntas-Late-CAFE-02-.jpg,Lapiz-Delineador-con-Sacapuntas-Late-CAFE-02-.jpg,https://samycosmetics.vteximg.com.br/arquivos/ids/158179/Lapiz-Delineador-con-Sacapuntas-Late-CAFE-02-.jpg.jpg
054004,Lapiz Delineador Con Sacapuntas Samy # 04. Choco Mate,158178,Lapiz-Delineador-con-Sacapuntas-Late-CHOCO-MATE.jpg,Lapiz-Delineador-con-Sacapuntas-Late-CHOCO-MATE.jpg,https://samycosmetics.vteximg.com.br/arquivos/ids/158178/Lapiz-Delineador-con-Sacapuntas-Late-CHOCO-MATE.jpg.jpg
054006,Lapiz Delineador Con Sacapuntas Samy # 06. Negro,158177,Lapiz-Delineador-con-Sacapuntas-Late-NEGRO.jpg,Lapiz-Delineador-con-Sacapuntas-Late-NEGRO.jpg,https://samycosmetics.vteximg.com.br/arquivos/ids/158177/Lapiz-Delineador-con-Sacapuntas-Late-NEGRO.jpg.jpg
054007,Lapiz Delineador Con Sacapuntas Samy # 07. Tabaco,158176,Lapiz-Delineador-con-Sacapuntas-Late-TABACO.jpg,Lapiz-Delineador-con-Sacapuntas-Late-TABACO.jpg,https://samycosmetics.vteximg.com.br/arquivos/ids/158176/Lapiz-Delineador-con-Sacapuntas-Late-TABACO.jpg.jpg
054008,Lapiz Delineador Con Sacapuntas Samy # 08. Terracota,158175,Lapiz-Delineador-con-Sacapuntas-Late-TERRACOTA.jpg,Lapiz-Delineador-con-Sacapuntas-Late-TERRACOTA.jpg,https://samycosmetics.vteximg.com.br/arquivos/ids/158175/Lapiz-Delineador-con-Sacapuntas-Late-TERRACOTA.jpg.jpg
054009,Lapiz Delineador Con Sacapuntas Samy # 09. Plata,158174,Lapiz-Delineador-con-Sacapuntas-Late-PLATA.jpg,Lapiz-Delineador-con-Sacapuntas-Late-PLATA.jpg,https://samycosmetics.vteximg.com.br/arquivos/ids/158174/Lapiz-Delineador-con-Sacapuntas-Late-PLATA.jpg.jpg
054017,Lapiz Delineador Con Sacapuntas Samy # 17. Índigo,158173,Lapiz-Delineador-con-Sacapuntas-Late-INDIGO.jpg,Lapiz-Delineador-con-Sacapuntas-Late-INDIGO.jpg,https://samycosmetics.vteximg.com.br/arquivos/ids/158173/Lapiz-Delineador-con-Sacapuntas-Late-INDIGO.jpg.jpg
054023,Lapiz Delineador Con Sacapuntas Samy # 19. Cereza,158172,Lapiz-Delineador-con-Sacapuntas-Late-CEREZA.jpg,Lapiz-Delineador-con-Sacapuntas-Late-CEREZA.jpg,https://samycosmetics.vteximg.com.br/arquivos/ids/158172/Lapiz-Delineador-con-Sacapuntas-Late-CEREZA.jpg.jpg
054024,Lapiz Delineador Con Sacapuntas Samy # 20. Carmín,158171,Lapiz-Delineador-con-Sacapuntas-Late-CARMIN.jpg,Lapiz-Delineador-con-Sacapuntas-Late-CARMIN.jpg,https://samycosmetics.vteximg.com.br/arquivos/ids/158171/Lapiz-Delineador-con-Sacapuntas-Late-CARMIN.jpg.jpg
054027,Lapiz Delineador Con Sacapuntas Samy # 23. Carmesí,158170,Lapiz-Delineador-con-Sacapuntas-Late-CARMESI.jpg,Lapiz-Delineador-con-Sacapuntas-Late-CARMESI.jpg,https://samycosmetics.vteximg.com.br/arquivos/ids/158170/Lapiz-Delineador-con-Sacapuntas-Late-CARMESI.jpg.jpg
054028,Lapiz Delineador Con Sacapuntas Samy # 24. Palo De Rosa,158169,Lapiz-Delineador-con-Sacapuntas-Late-PALO-DE-ROSA.jpg,Lapiz-Delineador-con-Sacapuntas-Late-PALO-DE-ROSA.jpg,https://samycosmetics.vteximg.com.br/arquivos/ids/158169/Lapiz-Delineador-con-Sacapuntas-Late-PALO-DE-ROSA.jpg.jpg
054029,Lapiz Delineador Con Sacapuntas Samy # 25. Marsala,158168,Lapiz-Delineador-con-Sacapuntas-Late-MARSALA.jpg,Lapiz-Delineador-con-Sacapuntas-Late-MARSALA.jpg,https://samycosmetics.vteximg.com.br/arquivos/ids/158168/Lapiz-Delineador-con-Sacapuntas-Late-MARSALA.jpg.jpg
054030,Lapiz Delineador Con Sacapuntas Samy # 26. Violeta,158167,Lapiz-Delineador-con-Sacapuntas-Late-VIOLETA.jpg,Lapiz-Delineador-con-Sacapuntas-Late-VIOLETA.jpg,https://samycosmetics.vteximg.com.br/arquivos/ids/158167/Lapiz-Delineador-con-Sacapuntas-Late-VIOLETA.jpg.jpg
054033,Lápiz Delineador Con Sacapuntas Samy   29. Beige,158203,LAPIZ-CON-SACAPUNTAS-BEIGE.jpg,LAPIZ-CON-SACAPUNTAS-BEIGE.jpg,https://samycosmetics.vteximg.com.br/arquivos/ids/158203/LAPIZ-CON-SACAPUNTAS-BEIGE.jpg.jpg
054034,Lápiz Delineador Con Sacapuntas Samy  30. Salmón,158205,LAPIZ-CON-SACAPUNTAS-SALMON.jpg,LAPIZ-CON-SACAPUNTAS-SALMON.jpg,https://samycosmetics.vteximg.com.br/arquivos/ids/158205/LAPIZ-CON-SACAPUNTAS-SALMON.jpg.jpg
054035,Lápiz Delineador Con Sacapuntas Samy  31.Canela,158206,LAPIZ-CON-SACAPUNTAS-CANELA.jpg,LAPIZ-CON-SACAPUNTAS-CANELA.jpg,https://samycosmetics.vteximg.com.br/arquivos/ids/158206/LAPIZ-CON-SACAPUNTAS-CANELA.jpg.jpg
054036,Lápiz Delineador Con Sacapuntas Samy   32. Late,158207,LAPIZ-CON-SACAPUNTA-LATE.jpg,LAPIZ-CON-SACAPUNTA-LATE.jpg,https://samycosmetics.vteximg.com.br/arquivos/ids/158207/LAPIZ-CON-SACAPUNTA-LATE.jpg.jpg
054200,Lapiz Delineador Kajal Samy # 01. Negro - Black,156342,054200-1,054200-1,https://samycosmetics.vteximg.com.br/arquivos/ids/156342/054200-1.png
054201,Lapiz Delineador Kajal Samy # 02. Café Expreso - Espresso,156343,054201-1,054201-1,https://samycosmetics.vteximg.com.br/arquivos/ids/156343/054201-1.png
054101,Lapiz Delineador Profesional Samy # 01. Negro,156344,054101-1,054101-1,https://samycosmetics.vteximg.com.br/arquivos/ids/156344/054101-1.jpg
054102,Lapiz Delineador Profesional Samy # 02. Blanco,156345,054102-1,054102-1,https://samycosmetics.vteximg.com.br/arquivos/ids/156345/054102-1.jpg
054103,Lapiz Delineador Profesional Samy # 03. Azul Oscuro,156346,054103-1,054103-1,https://samycosmetics.vteximg.com.br/arquivos/ids/156346/054103-1.jpg
054115,Lapiz Delineador Profesional Samy # 15. Naranja,156355,054115-1,054115-1,https://samycosmetics.vteximg.com.br/arquivos/ids/156355/054115-1.jpg
054116,Lapiz Delineador Profesional Samy # 16. Bronce,156356,054116-1,054116-1,https://samycosmetics.vteximg.com.br/arquivos/ids/156356/054116-1.jpg
114006,Lápiz iluminador de cejas Samy,156358,114006-1,114006-1,https://samycosmetics.vteximg.com.br/arquivos/ids/156358/114006-1.jpg
062997,Leche Desmaquillante Bifásica X 260 Ml Samy,156359,062997-1,062997-1,https://samycosmetics.vteximg.com.br/arquivos/ids/156359/062997-1.jpg
046001,Maquillaje cremoso de cejas perfect brow Samy # 01. Claro,157213,MAQUILLAJE-CREMOSO-PARA-CEJAS-1-2023,1,https://samycosmetics.vteximg.com.br/arquivos/ids/157213/MAQUILLAJE-CREMOSO-PARA-CEJAS-1-2023.jpg
046002,Maquillaje cremoso de cejas perfect brow Samy # 02. Oscuro,157214,MAQUILLAJE-CREMOSO-PARA-CEJAS-2-2023,046002-1,https://samycosmetics.vteximg.com.br/arquivos/ids/157214/MAQUILLAJE-CREMOSO-PARA-CEJAS-2-2023.jpg
046003,Maquillaje cremoso de cejas perfect brow Samy # 03. Negro - Black,157215,MAQUILLAJE-CREMOSO-PARA-CEJAS-3-2023,046003-1,https://samycosmetics.vteximg.com.br/arquivos/ids/157215/MAQUILLAJE-CREMOSO-PARA-CEJAS-3-2023.jpg
022001,Maquillaje Hidratante Base Liquida Samy # 01. Vainilla Ligera,156363,022001-1,022001-1,https://samycosmetics.vteximg.com.br/arquivos/ids/156363/022001-1.jpg
022002,Maquillaje Hidratante Base Liquida Samy # 02. Caramelo Ligero,156364,022002-1,022002-1,https://samycosmetics.vteximg.com.br/arquivos/ids/156364/022002-1.jpg
022003,Maquillaje Hidratante Base Liquida Samy # 03. Dorado Neutro,156365,022003-1,022003-1,https://samycosmetics.vteximg.com.br/arquivos/ids/156365/022003-1.jpg
022004,Maquillaje Hidratante Base Liquida Samy # 04. Deep Honey - Miel Profunda,156366,022004-1,022004-1,https://samycosmetics.vteximg.com.br/arquivos/ids/156366/022004-1.jpg
001023,Mascara De Pestañas A Prueba De Agua Xtravagant Volume Samy,157768,PESTAÑINA-XTRAVAGANT-VOLUME_Mesa-de-trabajo-1,PESTAÑINA-XTRAVAGANT-VOLUME_Mesa-de-trabajo-1,https://samycosmetics.vteximg.com.br/arquivos/ids/157768/PESTAÑINA-XTRAVAGANT-VOLUME_Mesa-de-trabajo-1.jpg
001023,Mascara De Pestañas A Prueba De Agua Xtravagant Volume Samy,156367,001023-1,001023-1,https://samycosmetics.vteximg.com.br/arquivos/ids/156367/001023-1.jpg
021961,Tónico Facial Hidratante Samy,158494,SA-HYDRATING-TONER-version-1200-x-1200,SA-HYDRATING-TONER-version-1200-x-1200,https://samycosmetics.vteximg.com.br/arquivos/ids/158494/SA-HYDRATING-TONER-version-1200-x-1200.jpg
004030,Paleta De Correctores De Color Samy Light Medium,156369,004030-1,004030-1,https://samycosmetics.vteximg.com.br/arquivos/ids/156369/004030-1.jpg
004031,Paleta De Correctores De Color Y Contornos Samy Medium Dark,156370,004031-1,004031-1,https://samycosmetics.vteximg.com.br/arquivos/ids/156370/004031-1.jpg
260034,Paleta De Iluminadores Samy # 01. Lighting Palette 1,156371,260034-1,260034-1,https://samycosmetics.vteximg.com.br/arquivos/ids/156371/260034-1.jpg
260035,Paleta De Iluminadores Samy # 02. Lighting Palette 2,156951,260035-1,260035-1,https://samycosmetics.vteximg.com.br/arquivos/ids/156951/260035-1.jpg
260032,Paleta Para Contornos Compacta Samy,159036,PALETA-DE-CONTORNO-TAPA,PALETA-DE-CONTORNO-TAPA,https://samycosmetics.vteximg.com.br/arquivos/ids/159036/PALETA-DE-CONTORNO-TAPA.jpg
260032,Paleta Para Contornos Compacta Samy,159037,PALETA-DE-CONTORNO,PALETA-DE-CONTORNO,https://samycosmetics.vteximg.com.br/arquivos/ids/159037/PALETA-DE-CONTORNO.jpg
000198,Labial Liquido Soft Matte #01 Eternal Rome,159450,Labial-liquido-mate-01,Labial-liquido-mate-01,https://samycosmetics.vteximg.com.br/arquivos/ids/159450/Labial-liquido-mate-01.jpg
000198,Labial Liquido Soft Matte #01 Eternal Rome,159451,Labial-liquido-mate-01-con-vastago,Labial-liquido-mate-01-con-vastago,https://samycosmetics.vteximg.com.br/arquivos/ids/159451/Labial-liquido-mate-01-con-vastago.jpg
000199,Labial Liquido Soft Matte #02 Dubai Dream,159452,Labial-liquido-mate-02,Labial-liquido-mate-02,https://samycosmetics.vteximg.com.br/arquivos/ids/159452/Labial-liquido-mate-02.jpg
000199,Labial Liquido Soft Matte #02 Dubai Dream,159453,Labial-liquido-mate-02-con-vastago,Labial-liquido-mate-02-con-vastago,https://samycosmetics.vteximg.com.br/arquivos/ids/159453/Labial-liquido-mate-02-con-vastago.jpg
000200,Labial Liquido Soft Matte #03 Moroccan Sand,159454,Labial-liquido-mate-03,Labial-liquido-mate-03,https://samycosmetics.vteximg.com.br/arquivos/ids/159454/Labial-liquido-mate-03.jpg
000200,Labial Liquido Soft Matte #03 Moroccan Sand,159455,Labial-liquido-mate-03-con-vastago,Labial-liquido-mate-03-con-vastago,https://samycosmetics.vteximg.com.br/arquivos/ids/159455/Labial-liquido-mate-03-con-vastago.jpg
000201,Labial Liquido Soft Matte #04 Miami Vibes,159456,Labial-liquido-mate-04,Labial-liquido-mate-04,https://samycosmetics.vteximg.com.br/arquivos/ids/159456/Labial-liquido-mate-04.jpg
000201,Labial Liquido Soft Matte #04 Miami Vibes,159457,Labial-liquido-mate-04-con-vastago,Labial-liquido-mate-04-con-vastago,https://samycosmetics.vteximg.com.br/arquivos/ids/159457/Labial-liquido-mate-04-con-vastago.jpg
000202,Labial Liquido Soft Matte #05 Londoner,159458,Labial-liquido-mate-05,Labial-liquido-mate-05,https://samycosmetics.vteximg.com.br/arquivos/ids/159458/Labial-liquido-mate-05.jpg
000202,Labial Liquido Soft Matte #05 Londoner,159459,Labial-liquido-mate-05-con-vastago,Labial-liquido-mate-05-con-vastago,https://samycosmetics.vteximg.com.br/arquivos/ids/159459/Labial-liquido-mate-05-con-vastago.jpg
000203,Labial Liquido Soft Matte #06 Tokyo Lights,159460,Labial-liquido-mate-06,Labial-liquido-mate-06,https://samycosmetics.vteximg.com.br/arquivos/ids/159460/Labial-liquido-mate-06.jpg
000203,Labial Liquido Soft Matte #06 Tokyo Lights,159461,Labial-liquido-mate-06-con-vastago,Labial-liquido-mate-06-con-vastago,https://samycosmetics.vteximg.com.br/arquivos/ids/159461/Labial-liquido-mate-06-con-vastago.jpg
000204,Labial Liquido Soft Matte #07 Parisian,159462,Labial-liquido-mate-07,Labial-liquido-mate-07,https://samycosmetics.vteximg.com.br/arquivos/ids/159462/Labial-liquido-mate-07.jpg
000204,Labial Liquido Soft Matte #07 Parisian,159463,Labial-liquido-mate-07-con-vastago,Labial-liquido-mate-07-con-vastago,https://samycosmetics.vteximg.com.br/arquivos/ids/159463/Labial-liquido-mate-07-con-vastago.jpg
000205,Labial Liquido Soft Matte #08 Berliner,159464,Labial-liquido-mate-08,Labial-liquido-mate-08,https://samycosmetics.vteximg.com.br/arquivos/ids/159464/Labial-liquido-mate-08.jpg
000205,Labial Liquido Soft Matte #08 Berliner,159465,Labial-liquido-mate-08-con-vastago,Labial-liquido-mate-08-con-vastago,https://samycosmetics.vteximg.com.br/arquivos/ids/159465/Labial-liquido-mate-08-con-vastago.jpg
000387,Cajita Sorpresa Ritual De Amor Propio,159427,Cajita_Samy_2,Cajita_Samy_2,https://samycosmetics.vteximg.com.br/arquivos/ids/159427/Cajita_Samy_2.jpg
000387,Cajita Sorpresa Ritual De Amor Propio,159428,Cajita_Samy,Cajita_Samy,https://samycosmetics.vteximg.com.br/arquivos/ids/159428/Cajita_Samy.jpg
044042,Paleta X 18 Sombras Compactas Samy # 01. Havana Lights,156388,044042-1,044042-1,https://samycosmetics.vteximg.com.br/arquivos/ids/156388/044042-1.jpg
044042,Paleta X 18 Sombras Compactas Samy # 01. Havana Lights,157050,Paletas-x-18-lanzamiento-HAVANA-LIGHTS,havana,https://samycosmetics.vteximg.com.br/arquivos/ids/157050/Paletas-x-18-lanzamiento-HAVANA-LIGHTS.jpg
044042,Paleta X 18 Sombras Compactas Samy # 01. Havana Lights,157051,Swatches-Havana-Lights,havana,https://samycosmetics.vteximg.com.br/arquivos/ids/157051/Swatches-Havana-Lights.jpg
044043,Paleta X 18 Sombras Compactas Samy # 02. Blue Hawaiian,156389,044043-1,044043-1,https://samycosmetics.vteximg.com.br/arquivos/ids/156389/044043-1.jpg
044043,Paleta X 18 Sombras Compactas Samy # 02. Blue Hawaiian,157052,Paletas-X-18-BLUE-HAWAIIAN,blue,https://samycosmetics.vteximg.com.br/arquivos/ids/157052/Paletas-X-18-BLUE-HAWAIIAN.jpg
044043,Paleta X 18 Sombras Compactas Samy # 02. Blue Hawaiian,157053,Swatches-Blue-Hawaiian,blue,https://samycosmetics.vteximg.com.br/arquivos/ids/157053/Swatches-Blue-Hawaiian.jpg
044044,Paleta X 18 Sombras Compactas Samy # 03. Pink Bahama,156390,044044-1,044044-1,https://samycosmetics.vteximg.com.br/arquivos/ids/156390/044044-1.jpg
044045,Paleta X 18 Sombras Compactas Samy # 04. Coco Caribbean,156391,044045-1,044045-1,https://samycosmetics.vteximg.com.br/arquivos/ids/156391/044045-1.jpg
044045,Paleta X 18 Sombras Compactas Samy # 04. Coco Caribbean,156975,044045-2,044045-2,https://samycosmetics.vteximg.com.br/arquivos/ids/156975/044045-2.jpg
044045,Paleta X 18 Sombras Compactas Samy # 04. Coco Caribbean,156976,044045-3,044045-3,https://samycosmetics.vteximg.com.br/arquivos/ids/156976/044045-3.jpg
001067,Papel Facial Antibrillo Samy,158793,papel-anti-brillo-sola-1200-x-1200,papel-anti-brillo-sola-1200-x-1200,https://samycosmetics.vteximg.com.br/arquivos/ids/158793/papel-anti-brillo-sola-1200-x-1200.jpg
001067,Papel Facial Antibrillo Samy,158794,papel-anti-brillo-1200-x-1200,papel-anti-brillo-1200-x-1200,https://samycosmetics.vteximg.com.br/arquivos/ids/158794/papel-anti-brillo-1200-x-1200.jpg
001067,Papel Facial Antibrillo Samy,158795,papel-anti-brillo-con-papeles-1200-x-1200,papel-anti-brillo-con-papeles-1200-x-1200,https://samycosmetics.vteximg.com.br/arquivos/ids/158795/papel-anti-brillo-con-papeles-1200-x-1200.jpg
052001,Pestañina Mascara 3D Samy # 01. Azul,156393,052001-1,052001-1,https://samycosmetics.vteximg.com.br/arquivos/ids/156393/052001-1.png
052002,Pestañina Mascara 3D Samy # 02. Café,156394,052002-1,052002-1,https://samycosmetics.vteximg.com.br/arquivos/ids/156394/052002-1.jpg
052003,Pestañina Mascara 3D Samy # 03. Transparente,156395,052003-1,052003-1,https://samycosmetics.vteximg.com.br/arquivos/ids/156395/052003-1.png
052004,Pestañina Mascara 3D Samy # 04. Negra,157769,PESTAÑINA-3D_Mesa-de-trabajo-1-copia,pestañina-,https://samycosmetics.vteximg.com.br/arquivos/ids/157769/PESTAÑINA-3D_Mesa-de-trabajo-1-copia.jpg
052004,Pestañina Mascara 3D Samy # 04. Negra,156396,052004-1,052004-1,https://samycosmetics.vteximg.com.br/arquivos/ids/156396/052004-1.png
044011,Pigmento Sombra Suelta Samy # 01. Negro,156397,044011-1,044011-1,https://samycosmetics.vteximg.com.br/arquivos/ids/156397/044011-1.jpg
044012,Pigmento Sombra Suelta Samy # 02. Blanco,156398,044012-1,044012-1,https://samycosmetics.vteximg.com.br/arquivos/ids/156398/044012-1.jpg
044013,Pigmento Sombra Suelta Samy # 03. Beige,156399,044013-1,044013-1,https://samycosmetics.vteximg.com.br/arquivos/ids/156399/044013-1.jpg
044014,Pigmento Sombra Suelta Samy # 04. Dorado,156400,044014-1,044014-1,https://samycosmetics.vteximg.com.br/arquivos/ids/156400/044014-1.jpg
044015,Pigmento Sombra Suelta Samy # 05. Bronce,156401,044015-1,044015-1,https://samycosmetics.vteximg.com.br/arquivos/ids/156401/044015-1.jpg
044016,Pigmento Sombra Suelta Samy # 06. Rosado,156402,044016-1,044016-1,https://samycosmetics.vteximg.com.br/arquivos/ids/156402/044016-1.jpg
044017,Pigmento Sombra Suelta Samy # 07. Morado,156403,044017-1,044017-1,https://samycosmetics.vteximg.com.br/arquivos/ids/156403/044017-1.jpg
044018,Pigmento Sombra Suelta Samy # 08. Azul,156404,044018-1,044018-1,https://samycosmetics.vteximg.com.br/arquivos/ids/156404/044018-1.jpg
044019,Pigmento Sombra Suelta Samy # 09. Plata Brillante - Bright Silver,156405,044019-1,044019-1,https://samycosmetics.vteximg.com.br/arquivos/ids/156405/044019-1.jpg
044020,Pigmento Sombra Suelta Samy # 10. Gris Dorado - Golden Gray,156406,044020-1,044020-1,https://samycosmetics.vteximg.com.br/arquivos/ids/156406/044020-1.jpg
044021,Pigmento Sombra Suelta Samy # 11. Dorado Marfil - Golden Ivory,156407,044021-1,044021-1,https://samycosmetics.vteximg.com.br/arquivos/ids/156407/044021-1.jpg
044022,Pigmento Sombra Suelta Samy # 12. Gris Rosa - Gray Pink,156408,044022-1,044022-1,https://samycosmetics.vteximg.com.br/arquivos/ids/156408/044022-1.jpg
044023,Pigmento Sombra Suelta Samy # 13. Rosa Perla - Pearl Pink,156409,044023-1,044023-1,https://samycosmetics.vteximg.com.br/arquivos/ids/156409/044023-1.jpg
044024,Pigmento Sombra Suelta Samy # 14. Rojo Fuego - Fire Red,156410,044024-1,044024-1,https://samycosmetics.vteximg.com.br/arquivos/ids/156410/044024-1.jpg
000294,Rubor Liquido Skinlicious #01 Rosy,159248,SKLCS_Rubor-Liquido-01,SKLCS_Rubor-Liquido-01,https://samycosmetics.vteximg.com.br/arquivos/ids/159248/SKLCS_Rubor-Liquido-01.jpg
000294,Rubor Liquido Skinlicious #01 Rosy,159249,SKLCS_-Abierto-Rubor-Liquido-01,SKLCS_-Abierto-Rubor-Liquido-01,https://samycosmetics.vteximg.com.br/arquivos/ids/159249/SKLCS_-Abierto-Rubor-Liquido-01.jpg
000294,Rubor Liquido Skinlicious #01 Rosy,159250,SAMY-SKINLICIOUS25135,SAMY-SKINLICIOUS25135,https://samycosmetics.vteximg.com.br/arquivos/ids/159250/SAMY-SKINLICIOUS25135.jpg
000294,Rubor Liquido Skinlicious #01 Rosy,159318,SWATCHES-RUBOR-LIQUIDO-PIEL-CLARA,SWATCHES-RUBOR-LIQUIDO-PIEL-CLARA,https://samycosmetics.vteximg.com.br/arquivos/ids/159318/SWATCHES-RUBOR-LIQUIDO-PIEL-CLARA.jpg
000295,Rubor Liquido Skinlicious #02 Juicy,159331,SKLCS_Rubor-Liquido-02,SKLCS_Rubor-Liquido-02,https://samycosmetics.vteximg.com.br/arquivos/ids/159331/SKLCS_Rubor-Liquido-02.jpg
000295,Rubor Liquido Skinlicious #02 Juicy,159332,SKLCS_-Abierto-Rubor-Liquido-02,SKLCS_-Abierto-Rubor-Liquido-02,https://samycosmetics.vteximg.com.br/arquivos/ids/159332/SKLCS_-Abierto-Rubor-Liquido-02.jpg
000295,Rubor Liquido Skinlicious #02 Juicy,159333,SAMY-SKINLICIOUS23647,SAMY-SKINLICIOUS23647,https://samycosmetics.vteximg.com.br/arquivos/ids/159333/SAMY-SKINLICIOUS23647.jpg
000295,Rubor Liquido Skinlicious #02 Juicy,159335,SWATCHES-RUBOR-LIQUIDO-PIEL-CLARA,SWATCHES-RUBOR-LIQUIDO-PIEL-CLARA,https://samycosmetics.vteximg.com.br/arquivos/ids/159335/SWATCHES-RUBOR-LIQUIDO-PIEL-CLARA.jpg
000296,Rubor Liquido Skinlicious #03 Sweet,159356,SKLCS_Rubor-Liquido-03,SKLCS_Rubor-Liquido-03,https://samycosmetics.vteximg.com.br/arquivos/ids/159356/SKLCS_Rubor-Liquido-03.jpg
000296,Rubor Liquido Skinlicious #03 Sweet,159357,SKLCS_-Abierto-Rubor-Liquido-03,SKLCS_-Abierto-Rubor-Liquido-03,https://samycosmetics.vteximg.com.br/arquivos/ids/159357/SKLCS_-Abierto-Rubor-Liquido-03.jpg
000296,Rubor Liquido Skinlicious #03 Sweet,159358,SAMY-SKINLICIOUS25209,SAMY-SKINLICIOUS25209,https://samycosmetics.vteximg.com.br/arquivos/ids/159358/SAMY-SKINLICIOUS25209.jpg
000296,Rubor Liquido Skinlicious #03 Sweet,159359,SWATCHES-RUBOR-LIQUIDO-PIEL-OSCURA,SWATCHES-RUBOR-LIQUIDO-PIEL-OSCURA,https://samycosmetics.vteximg.com.br/arquivos/ids/159359/SWATCHES-RUBOR-LIQUIDO-PIEL-OSCURA.jpg
000297,Rubor Liquido Skinlicious #04 Tasty,159360,SKLCS_Rubor-Liquido-04,SKLCS_Rubor-Liquido-04,https://samycosmetics.vteximg.com.br/arquivos/ids/159360/SKLCS_Rubor-Liquido-04.jpg
000297,Rubor Liquido Skinlicious #04 Tasty,159361,SKLCS_-Abierto-Rubor-Liquido-04,SKLCS_-Abierto-Rubor-Liquido-04,https://samycosmetics.vteximg.com.br/arquivos/ids/159361/SKLCS_-Abierto-Rubor-Liquido-04.jpg
000297,Rubor Liquido Skinlicious #04 Tasty,159362,SAMY-SKINLICIOUS25083,SAMY-SKINLICIOUS25083,https://samycosmetics.vteximg.com.br/arquivos/ids/159362/SAMY-SKINLICIOUS25083.jpg
000297,Rubor Liquido Skinlicious #04 Tasty,159363,SWATCHES-RUBOR-LIQUIDO-PIEL-CLARA,SWATCHES-RUBOR-LIQUIDO-PIEL-CLARA,https://samycosmetics.vteximg.com.br/arquivos/ids/159363/SWATCHES-RUBOR-LIQUIDO-PIEL-CLARA.jpg
149004,Polvo Compacto Bronceador Mate Samy # 01. Sunkissed,156412,149004-1,149004-1,https://samycosmetics.vteximg.com.br/arquivos/ids/156412/149004-1.jpg
149002,Polvo Compacto Bronceador Tan Glow Samy,156413,149002-1,149002-1,https://samycosmetics.vteximg.com.br/arquivos/ids/156413/149002-1.jpg
149001,Polvo Compacto Iluminador Diamond Glow Samy,156414,149001-1,149001-1,https://samycosmetics.vteximg.com.br/arquivos/ids/156414/149001-1.jpg
000279,Iluminador Cremoso Skinlicious Samy #01 Honey,159237,Iluminador_Cremoso_Tono-01,Iluminador_Cremoso_Tono-01,https://samycosmetics.vteximg.com.br/arquivos/ids/159237/Iluminador_Cremoso_Tono-01.jpg
000279,Iluminador Cremoso Skinlicious Samy #01 Honey,159238,SAMY-SKINLICIOUS25492,SAMY-SKINLICIOUS25492,https://samycosmetics.vteximg.com.br/arquivos/ids/159238/SAMY-SKINLICIOUS25492.jpg
000279,Iluminador Cremoso Skinlicious Samy #01 Honey,159322,SWATCHES-ILUMINADOR,SWATCHES-ILUMINADOR,https://samycosmetics.vteximg.com.br/arquivos/ids/159322/SWATCHES-ILUMINADOR.jpg
000280,Iluminador Cremoso Skinlicious Samy #02 Rose,159239,Iluminador_Cremoso_Tono-02,Iluminador_Cremoso_Tono-02,https://samycosmetics.vteximg.com.br/arquivos/ids/159239/Iluminador_Cremoso_Tono-02.jpg
000280,Iluminador Cremoso Skinlicious Samy #02 Rose,159241,SAMY-SKINLICIOUS25672,SAMY-SKINLICIOUS25672,https://samycosmetics.vteximg.com.br/arquivos/ids/159241/SAMY-SKINLICIOUS25672.jpg
000280,Iluminador Cremoso Skinlicious Samy #02 Rose,159323,SWATCHES-ILUMINADOR,SWATCHES-ILUMINADOR,https://samycosmetics.vteximg.com.br/arquivos/ids/159323/SWATCHES-ILUMINADOR.jpg
000281,Iluminador Cremoso Skinlicious Samy #03 Vanilla,159242,Iluminador_Cremoso_Tono-03,Iluminador_Cremoso_Tono-03,https://samycosmetics.vteximg.com.br/arquivos/ids/159242/Iluminador_Cremoso_Tono-03.jpg
000281,Iluminador Cremoso Skinlicious Samy #03 Vanilla,159243,SAMY-SKINLICIOUS25796,SAMY-SKINLICIOUS25796,https://samycosmetics.vteximg.com.br/arquivos/ids/159243/SAMY-SKINLICIOUS25796.jpg
000281,Iluminador Cremoso Skinlicious Samy #03 Vanilla,159324,SWATCHES-ILUMINADOR,SWATCHES-ILUMINADOR,https://samycosmetics.vteximg.com.br/arquivos/ids/159324/SWATCHES-ILUMINADOR.jpg
269999,Polvo Compacto Piel Mixta A Grasa Samy # 01. Fair,156416,269999-1,269999-1,https://samycosmetics.vteximg.com.br/arquivos/ids/156416/269999-1.jpg
269998,Polvo Compacto Piel Mixta A Grasa Samy # 02. Beige,156417,269998-1,269998-1,https://samycosmetics.vteximg.com.br/arquivos/ids/156417/269998-1.jpg
269997,Polvo Compacto Piel Mixta A Grasa Samy # 03. Medium,156418,269997-1,269997-1,https://samycosmetics.vteximg.com.br/arquivos/ids/156418/269997-1.jpg
269996,Polvo Compacto Piel Mixta A Grasa Samy # 04. Medium Tan,156419,269996-1,269996-1,https://samycosmetics.vteximg.com.br/arquivos/ids/156419/269996-1.jpg
269995,Polvo Compacto Piel Mixta A Grasa Samy # 05. Neutral Tan,156420,269995-1,269995-1,https://samycosmetics.vteximg.com.br/arquivos/ids/156420/269995-1.jpg
269994,Polvo Compacto Piel Mixta A Grasa Samy # 06. Tan,156421,269994-1,269994-1,https://samycosmetics.vteximg.com.br/arquivos/ids/156421/269994-1.jpg
269993,Polvo Compacto Piel Mixta A Grasa Samy # 07. Deep Tan,156422,269993-1,269993-1,https://samycosmetics.vteximg.com.br/arquivos/ids/156422/269993-1.jpg
269992,Polvo Compacto Piel Mixta A Grasa Samy # 08. Rich,156423,269992-1,269992-1,https://samycosmetics.vteximg.com.br/arquivos/ids/156423/269992-1.jpg
269991,Polvo Compacto Piel Mixta A Grasa Samy # 09. Deep,156424,269991-1,269991-1,https://samycosmetics.vteximg.com.br/arquivos/ids/156424/269991-1.jpg
190001,Polvo Compacto Sin Espejo Samy # 01. Natural,156425,190001-1,190001-1,https://samycosmetics.vteximg.com.br/arquivos/ids/156425/190001-1.jpg
190002,Polvo Compacto Sin Espejo Samy # 02.Beige,156426,190002-1,190002-1,https://samycosmetics.vteximg.com.br/arquivos/ids/156426/190002-1.jpg
190003,Polvo Compacto Sin Espejo Samy # 03. Arena,156427,190003-1,190003-1,https://samycosmetics.vteximg.com.br/arquivos/ids/156427/190003-1.jpg
190004,Polvo Compacto Sin Espejo Samy # 04. Almendra,156428,190004-1,190004-1,https://samycosmetics.vteximg.com.br/arquivos/ids/156428/190004-1.jpg
190005,Polvo Compacto Sin Espejo Samy # 05. Aceituna,156429,190005-1,190005-1,https://samycosmetics.vteximg.com.br/arquivos/ids/156429/190005-1.jpg
190006,Polvo Compacto Sin Espejo Samy # 06. Canela,156430,190006-1,190006-1,https://samycosmetics.vteximg.com.br/arquivos/ids/156430/190006-1.jpg
190007,Polvo Compacto Sin Espejo Samy # 07. Tostado,156431,190007-1,190007-1,https://samycosmetics.vteximg.com.br/arquivos/ids/156431/190007-1.jpg
190008,Polvo Compacto Sin Espejo Samy # 08. Moka,156432,190008-1,190008-1,https://samycosmetics.vteximg.com.br/arquivos/ids/156432/190008-1.jpg
190009,Polvo Compacto Sin Espejo Samy # 09. Ébano,156433,190009-1,190009-1,https://samycosmetics.vteximg.com.br/arquivos/ids/156433/190009-1.jpg
190010,Polvo Compacto Sin Espejo Samy # 10. Ámbar,156434,190010-1,190010-1,https://samycosmetics.vteximg.com.br/arquivos/ids/156434/190010-1.jpg
230015,Polvo Compacto So Soft Mineral Samy # 05. Aceituna,156435,230015-1,230015-1,https://samycosmetics.vteximg.com.br/arquivos/ids/156435/230015-1.jpg
230016,Polvo Compacto So Soft Mineral Samy # 06. Canela,156436,230016-1,230016-1,https://samycosmetics.vteximg.com.br/arquivos/ids/156436/230016-1.jpg
230017,Polvo Compacto So Soft Mineral Samy # 07. Tostado,156437,230017-1,230017-1,https://samycosmetics.vteximg.com.br/arquivos/ids/156437/230017-1.jpg
230018,Polvo Compacto So Soft Mineral Samy # 08. Moka,156438,230018-1,230018-1,https://samycosmetics.vteximg.com.br/arquivos/ids/156438/230018-1.jpg
230020,Polvo Compacto So Soft Mineral Samy # 09. Ébano,156439,230020-1,230020-1,https://samycosmetics.vteximg.com.br/arquivos/ids/156439/230020-1.jpg
230021,Polvo Compacto So Soft Mineral Samy # 10. Ámbar,156440,230021-1,230021-1,https://samycosmetics.vteximg.com.br/arquivos/ids/156440/230021-1.jpg
037002,Polvo Suelto Bronceador Sunshine Glow 8 G Samy,156441,037002-1,037002-1,https://samycosmetics.vteximg.com.br/arquivos/ids/156441/037002-1.jpg
038001,Polvo Suelto Translucido Matte Touch 7 G Samy Emp Nacional,158525,POLVO-SUELTO--TRANSLUCENT-7g-VERSION-PEQUENA-,POLVO-SUELTO--TRANSLUCENT-7g-VERSION-PEQUENA-,https://samycosmetics.vteximg.com.br/arquivos/ids/158525/POLVO-SUELTO--TRANSLUCENT-7g-VERSION-PEQUENA-.jpg
038001,Polvo Suelto Translucido Matte Touch 7 G Samy Emp Nacional,158526,POLVO-SUELTO-producto,001338,https://samycosmetics.vteximg.com.br/arquivos/ids/158526/POLVO-SUELTO-producto.jpg
038003,Polvo Suelto Translucido Matte Touch 8 G Samy,158527,POLVO-SUELTO--TRANSLUCENT--1200-X-1200,POLVO-SUELTO--TRANSLUCENT--1200-X-1200,https://samycosmetics.vteximg.com.br/arquivos/ids/158527/POLVO-SUELTO--TRANSLUCENT--1200-X-1200.jpg
038003,Polvo Suelto Translucido Matte Touch 8 G Samy,158528,038003-1,038003-1,https://samycosmetics.vteximg.com.br/arquivos/ids/158528/038003-1.jpg
022000,Primer Matificante 30 Gr,157425,PRIMER-MATIFICANTE-30g-nueva-imagen,022000,https://samycosmetics.vteximg.com.br/arquivos/ids/157425/PRIMER-MATIFICANTE-30g-nueva-imagen.jpg
000289,Corrector líquidoSkinlicious #Light,159395,Light,Light,https://samycosmetics.vteximg.com.br/arquivos/ids/159395/Light.jpg
000289,Corrector líquidoSkinlicious #Light,159396,Light-con-vastago,Light-con-vastago,https://samycosmetics.vteximg.com.br/arquivos/ids/159396/Light-con-vastago.jpg
000289,Corrector líquidoSkinlicious #Light,159397,antes-y-despues-corrector,antes-y-despues-corrector,https://samycosmetics.vteximg.com.br/arquivos/ids/159397/antes-y-despues-corrector.jpg
000289,Corrector líquidoSkinlicious #Light,159398,SAMY-SKINLICIOUS24806,SAMY-SKINLICIOUS24806,https://samycosmetics.vteximg.com.br/arquivos/ids/159398/SAMY-SKINLICIOUS24806.jpg
000289,Corrector líquidoSkinlicious #Light,159399,SWATCHES-CORRECTOR,SWATCHES-CORRECTOR,https://samycosmetics.vteximg.com.br/arquivos/ids/159399/SWATCHES-CORRECTOR.jpg
000290,Corrector líquido Skinlicious #Beige,159400,Beige,Beige,https://samycosmetics.vteximg.com.br/arquivos/ids/159400/Beige.jpg
000290,Corrector líquido Skinlicious #Beige,159401,Beige-con-vastago,Beige-con-vastago,https://samycosmetics.vteximg.com.br/arquivos/ids/159401/Beige-con-vastago.jpg
000290,Corrector líquido Skinlicious #Beige,159402,antes-y-despues-corrector,antes-y-despues-corrector,https://samycosmetics.vteximg.com.br/arquivos/ids/159402/antes-y-despues-corrector.jpg
000290,Corrector líquido Skinlicious #Beige,159403,SAMY-SKINLICIOUS23127,SAMY-SKINLICIOUS23127,https://samycosmetics.vteximg.com.br/arquivos/ids/159403/SAMY-SKINLICIOUS23127.jpg
000290,Corrector líquido Skinlicious #Beige,159404,SWATCHES-CORRECTOR,SWATCHES-CORRECTOR,https://samycosmetics.vteximg.com.br/arquivos/ids/159404/SWATCHES-CORRECTOR.jpg
000291,Corrector líquido Skinlicious #Medium,159405,Medium,Medium,https://samycosmetics.vteximg.com.br/arquivos/ids/159405/Medium.jpg
000291,Corrector líquido Skinlicious #Medium,159406,Medium-con-vastago,Medium-con-vastago,https://samycosmetics.vteximg.com.br/arquivos/ids/159406/Medium-con-vastago.jpg
000291,Corrector líquido Skinlicious #Medium,159407,antes-y-despues-corrector,antes-y-despues-corrector,https://samycosmetics.vteximg.com.br/arquivos/ids/159407/antes-y-despues-corrector.jpg
000291,Corrector líquido Skinlicious #Medium,159408,SAMY-SKINLICIOUS24602,SAMY-SKINLICIOUS24602,https://samycosmetics.vteximg.com.br/arquivos/ids/159408/SAMY-SKINLICIOUS24602.jpg
000291,Corrector líquido Skinlicious #Medium,159409,SWATCHES-CORRECTOR,SWATCHES-CORRECTOR,https://samycosmetics.vteximg.com.br/arquivos/ids/159409/SWATCHES-CORRECTOR.jpg
000292,Corrector líquido Skinlicious #Medium Tan,159410,Medium-Tan,Medium-Tan,https://samycosmetics.vteximg.com.br/arquivos/ids/159410/Medium-Tan.jpg
000292,Corrector líquido Skinlicious #Medium Tan,159411,Medium-Tan-con-vastago,Medium-Tan-con-vastago,https://samycosmetics.vteximg.com.br/arquivos/ids/159411/Medium-Tan-con-vastago.jpg
000292,Corrector líquido Skinlicious #Medium Tan,159412,antes-y-despues-corrector,antes-y-despues-corrector,https://samycosmetics.vteximg.com.br/arquivos/ids/159412/antes-y-despues-corrector.jpg
000292,Corrector líquido Skinlicious #Medium Tan,159413,SAMY-SKINLICIOUS22988,SAMY-SKINLICIOUS22988,https://samycosmetics.vteximg.com.br/arquivos/ids/159413/SAMY-SKINLICIOUS22988.jpg
000292,Corrector líquido Skinlicious #Medium Tan,159414,SWATCHES-CORRECTOR,SWATCHES-CORRECTOR,https://samycosmetics.vteximg.com.br/arquivos/ids/159414/SWATCHES-CORRECTOR.jpg
000293,Corrector líquido Skinlicious #Tan,159415,Tan,Tan,https://samycosmetics.vteximg.com.br/arquivos/ids/159415/Tan.jpg
000293,Corrector líquido Skinlicious #Tan,159416,Tan-con-vastago,Tan-con-vastago,https://samycosmetics.vteximg.com.br/arquivos/ids/159416/Tan-con-vastago.jpg
000293,Corrector líquido Skinlicious #Tan,159417,antes-y-despues-corrector,antes-y-despues-corrector,https://samycosmetics.vteximg.com.br/arquivos/ids/159417/antes-y-despues-corrector.jpg
000293,Corrector líquido Skinlicious #Tan,159418,SAMY-SKINLICIOUS24655,SAMY-SKINLICIOUS24655,https://samycosmetics.vteximg.com.br/arquivos/ids/159418/SAMY-SKINLICIOUS24655.jpg
000293,Corrector líquido Skinlicious #Tan,159419,SWATCHES-CORRECTOR,SWATCHES-CORRECTOR,https://samycosmetics.vteximg.com.br/arquivos/ids/159419/SWATCHES-CORRECTOR.jpg
017006,Removedor De Esmalte Con Keratina 250 Ml Samy,156445,017006-1,017006-1,https://samycosmetics.vteximg.com.br/arquivos/ids/156445/017006-1.jpg
017007,Removedor De Esmalte Con Keratina 500 Ml Samy,156446,017007-1,017007-1,https://samycosmetics.vteximg.com.br/arquivos/ids/156446/017007-1.jpg
000283,Base liquida Skinlicious #01,159372,SKNLCS_Base-Liquida--01,SKNLCS_Base-Liquida--01,https://samycosmetics.vteximg.com.br/arquivos/ids/159372/SKNLCS_Base-Liquida--01.jpg
000283,Base liquida Skinlicious #01,159373,antes-y-despues-base,antes-y-despues-base,https://samycosmetics.vteximg.com.br/arquivos/ids/159373/antes-y-despues-base.jpg
000283,Base liquida Skinlicious #01,159374,SAMY-SKINLICIOUS24972,SAMY-SKINLICIOUS24972,https://samycosmetics.vteximg.com.br/arquivos/ids/159374/SAMY-SKINLICIOUS24972.jpg
000283,Base liquida Skinlicious #01,159375,SWATCHES-BASE-LIQUIDA,SWATCHES-BASE-LIQUIDA,https://samycosmetics.vteximg.com.br/arquivos/ids/159375/SWATCHES-BASE-LIQUIDA.jpg
000284,Base liquida Skinlicious #02,159376,SKNLCS_Base-Liquida--02,SKNLCS_Base-Liquida--02,https://samycosmetics.vteximg.com.br/arquivos/ids/159376/SKNLCS_Base-Liquida--02.jpg
000284,Base liquida Skinlicious #02,159377,antes-y-despues-base,antes-y-despues-base,https://samycosmetics.vteximg.com.br/arquivos/ids/159377/antes-y-despues-base.jpg
000284,Base liquida Skinlicious #02,159378,SAMY-SKINLICIOUS23428,SAMY-SKINLICIOUS23428,https://samycosmetics.vteximg.com.br/arquivos/ids/159378/SAMY-SKINLICIOUS23428.jpg
000284,Base liquida Skinlicious #02,159379,SWATCHES-BASE-LIQUIDA,SWATCHES-BASE-LIQUIDA,https://samycosmetics.vteximg.com.br/arquivos/ids/159379/SWATCHES-BASE-LIQUIDA.jpg
000285,Base liquida Skinlicious #03,159380,SKNLCS_Base-Liquida--03,SKNLCS_Base-Liquida--03,https://samycosmetics.vteximg.com.br/arquivos/ids/159380/SKNLCS_Base-Liquida--03.jpg
000285,Base liquida Skinlicious #03,159381,antes-y-despues-base,antes-y-despues-base,https://samycosmetics.vteximg.com.br/arquivos/ids/159381/antes-y-despues-base.jpg
000285,Base liquida Skinlicious #03,159382,SAMY-SKINLICIOUS24909,SAMY-SKINLICIOUS24909,https://samycosmetics.vteximg.com.br/arquivos/ids/159382/SAMY-SKINLICIOUS24909.jpg
000285,Base liquida Skinlicious #03,159383,SWATCHES-BASE-LIQUIDA,SWATCHES-BASE-LIQUIDA,https://samycosmetics.vteximg.com.br/arquivos/ids/159383/SWATCHES-BASE-LIQUIDA.jpg
000286,Base liquida Skinlicious #04,159384,SKNLCS_Base-Liquida--04,SKNLCS_Base-Liquida--04,https://samycosmetics.vteximg.com.br/arquivos/ids/159384/SKNLCS_Base-Liquida--04.jpg
000286,Base liquida Skinlicious #04,159385,antes-y-despues-base,antes-y-despues-base,https://samycosmetics.vteximg.com.br/arquivos/ids/159385/antes-y-despues-base.jpg
000286,Base liquida Skinlicious #04,159386,Base-tono-4-1200x1200,Base-tono-4-1200x1200,https://samycosmetics.vteximg.com.br/arquivos/ids/159386/Base-tono-4-1200x1200.jpg
000286,Base liquida Skinlicious #04,159387,SWATCHES-BASE-LIQUIDA,SWATCHES-BASE-LIQUIDA,https://samycosmetics.vteximg.com.br/arquivos/ids/159387/SWATCHES-BASE-LIQUIDA.jpg
000287,Base liquida Skinlicious #05,159388,SKNLCS_Base-Liquida--05,SKNLCS_Base-Liquida--05,https://samycosmetics.vteximg.com.br/arquivos/ids/159388/SKNLCS_Base-Liquida--05.jpg
000287,Base liquida Skinlicious #05,159389,antes-y-despues-base,antes-y-despues-base,https://samycosmetics.vteximg.com.br/arquivos/ids/159389/antes-y-despues-base.jpg
000287,Base liquida Skinlicious #05,159390,SAMY-SKINLICIOUS24881,SAMY-SKINLICIOUS24881,https://samycosmetics.vteximg.com.br/arquivos/ids/159390/SAMY-SKINLICIOUS24881.jpg
000287,Base liquida Skinlicious #05,159391,SWATCHES-BASE-LIQUIDA,SWATCHES-BASE-LIQUIDA,https://samycosmetics.vteximg.com.br/arquivos/ids/159391/SWATCHES-BASE-LIQUIDA.jpg
000288,Base liquida Skinlicious #06,159420,SKNLCS_Base-Liquida--06,SKNLCS_Base-Liquida--06,https://samycosmetics.vteximg.com.br/arquivos/ids/159420/SKNLCS_Base-Liquida--06.jpg
000288,Base liquida Skinlicious #06,159421,antes-y-despues-corrector,antes-y-despues-corrector,https://samycosmetics.vteximg.com.br/arquivos/ids/159421/antes-y-despues-corrector.jpg
000288,Base liquida Skinlicious #06,159422,SAMY-SKINLICIOUS23861,SAMY-SKINLICIOUS23861,https://samycosmetics.vteximg.com.br/arquivos/ids/159422/SAMY-SKINLICIOUS23861.jpg
000288,Base liquida Skinlicious #06,159423,SWATCHES-BASE-LIQUIDA,SWATCHES-BASE-LIQUIDA,https://samycosmetics.vteximg.com.br/arquivos/ids/159423/SWATCHES-BASE-LIQUIDA.jpg
028109,Rubor - Paleta De Rubores Better Blush Me Samy,156448,028109,28109,https://samycosmetics.vteximg.com.br/arquivos/ids/156448/028109.jpg
028109,Rubor - Paleta De Rubores Better Blush Me Samy,156973,028109-2,028109-2,https://samycosmetics.vteximg.com.br/arquivos/ids/156973/028109-2.jpg
028109,Rubor - Paleta De Rubores Better Blush Me Samy,156974,028109-3,028109-3,https://samycosmetics.vteximg.com.br/arquivos/ids/156974/028109-3.jpg
048017,Rubor Duo Cuadrado Samy # 01. Rose Brown - Rosa Marrón,157120,1.-ROSE-BROWN,048017,https://samycosmetics.vteximg.com.br/arquivos/ids/157120/1.-ROSE-BROWN.jpg
048018,Rubor Duo Cuadrado Samy # 02. Pink - Rosas,157121,2.-PINK,048018,https://samycosmetics.vteximg.com.br/arquivos/ids/157121/2.-PINK.jpg
048019,Rubor Duo Cuadrado Samy # 03. Orange - Naranja,157122,3.-ORANGE,048019,https://samycosmetics.vteximg.com.br/arquivos/ids/157122/3.-ORANGE.jpg
048021,Rubor Duo Cuadrado Samy # 05. Bronze - Bronce,157123,5.-BRONZE,048021,https://samycosmetics.vteximg.com.br/arquivos/ids/157123/5.-BRONZE.jpg
048022,Rubor Duo Cuadrado Samy # 06. Amber Rose - Rosa Ámbar,157124,6.-AMBER-ROSE,048022,https://samycosmetics.vteximg.com.br/arquivos/ids/157124/6.-AMBER-ROSE.jpg
048023,Rubor Duo Cuadrado Samy # 07. Lily,157275,7-LILY,048023,https://samycosmetics.vteximg.com.br/arquivos/ids/157275/7-LILY.jpg
048024,Rubor Duo Cuadrado Samy # 08. Goddess,157276,8-GODDESS,048024,https://samycosmetics.vteximg.com.br/arquivos/ids/157276/8-GODDESS.jpg
048025,Rubor Duo Cuadrado Samy # 09. Nova,157209,9-NOVA,048025,https://samycosmetics.vteximg.com.br/arquivos/ids/157209/9-NOVA.jpg
053001,Rubor Individual Sin Espejo Samy # 01. Tierra India,157109,RUBOR-INDIVIDUAL-SIN-ESPEJO-1-2022,053001,https://samycosmetics.vteximg.com.br/arquivos/ids/157109/RUBOR-INDIVIDUAL-SIN-ESPEJO-1-2022.jpg
053002,Rubor Individual Sin Espejo Samy # 02. Vanity,157118,RUBOR-INDIVIDUAL-SIN-ESPEJO-2-2022,053002,https://samycosmetics.vteximg.com.br/arquivos/ids/157118/RUBOR-INDIVIDUAL-SIN-ESPEJO-2-2022.jpg
053004,Rubor Individual Sin Espejo Samy # 04. Salmon,157119,RUBOR-INDIVIDUAL-SIN-ESPEJO-4-2022,053004,https://samycosmetics.vteximg.com.br/arquivos/ids/157119/RUBOR-INDIVIDUAL-SIN-ESPEJO-4-2022.jpg
053005,Rubor Individual Sin Espejo Samy # 05. Golden Rose,157113,RUBOR-INDIVIDUAL-SIN-ESPEJO-5-2022,053005-1,https://samycosmetics.vteximg.com.br/arquivos/ids/157113/RUBOR-INDIVIDUAL-SIN-ESPEJO-5-2022.jpg
053006,Rubor Individual Sin Espejo Samy # 06. Lady,157114,RUBOR-INDIVIDUAL-SIN-ESPEJO-6-2022,053006,https://samycosmetics.vteximg.com.br/arquivos/ids/157114/RUBOR-INDIVIDUAL-SIN-ESPEJO-6-2022.jpg
053007,Rubor Individual Sin Espejo Samy # 07. Satin Pink,157115,RUBOR-INDIVIDUAL-SIN-ESPEJO-7-2022,053007,https://samycosmetics.vteximg.com.br/arquivos/ids/157115/RUBOR-INDIVIDUAL-SIN-ESPEJO-7-2022.jpg
053008,Rubor Individual Sin Espejo Samy # 08. Rosa,157116,RUBOR-INDIVIDUAL-SIN-ESPEJO-8-2022,053008-1,https://samycosmetics.vteximg.com.br/arquivos/ids/157116/RUBOR-INDIVIDUAL-SIN-ESPEJO-8-2022.jpg
053009,Rubor Individual Sin Espejo Samy # 09. Radiant Bronze,157117,RUBOR-INDIVIDUAL-SIN-ESPEJO-9-2022,053009-1,https://samycosmetics.vteximg.com.br/arquivos/ids/157117/RUBOR-INDIVIDUAL-SIN-ESPEJO-9-2022.jpg
171005,Rubor Luminescent Samy # 01. Flamingo,157654,.1-FLAMINGO,171005-1,https://samycosmetics.vteximg.com.br/arquivos/ids/157654/.1-FLAMINGO.jpg
171005,Rubor Luminescent Samy # 01. Flamingo,158968,Rubor-Luminicent2,Rubor-Luminicent2,https://samycosmetics.vteximg.com.br/arquivos/ids/158968/Rubor-Luminicent2.jpg
171006,Rubor Luminescent Samy # 02. Dusty Pink,157655,.2-DUSTY-PINK,171006-1,https://samycosmetics.vteximg.com.br/arquivos/ids/157655/.2-DUSTY-PINK.jpg
171006,Rubor Luminescent Samy # 02. Dusty Pink,158969,Rubor-Luminicent2,Rubor-Luminicent2,https://samycosmetics.vteximg.com.br/arquivos/ids/158969/Rubor-Luminicent2.jpg
171007,Rubor Luminescent Samy # 03. Watermelon,157656,.3-WATERMELON,171007-1,https://samycosmetics.vteximg.com.br/arquivos/ids/157656/.3-WATERMELON.jpg
171007,Rubor Luminescent Samy # 03. Watermelon,158970,Rubor-Luminicent2,Rubor-Luminicent2,https://samycosmetics.vteximg.com.br/arquivos/ids/158970/Rubor-Luminicent2.jpg
171008,Rubor Luminescent Samy # 04. Rose Peach,157657,.4-ROSE-PEACH,171008-1,https://samycosmetics.vteximg.com.br/arquivos/ids/157657/.4-ROSE-PEACH.jpg
171008,Rubor Luminescent Samy # 04. Rose Peach,158971,Rubor-Luminicent2,Rubor-Luminicent2,https://samycosmetics.vteximg.com.br/arquivos/ids/158971/Rubor-Luminicent2.jpg
171009,Rubor Luminescent Samy # 05. Orange Pink,157658,.5-ORANGE-PINK,171009-1,https://samycosmetics.vteximg.com.br/arquivos/ids/157658/.5-ORANGE-PINK.jpg
171009,Rubor Luminescent Samy # 05. Orange Pink,158972,Rubor-Luminicent2,Rubor-Luminicent2,https://samycosmetics.vteximg.com.br/arquivos/ids/158972/Rubor-Luminicent2.jpg
171010,Rubor Luminescent Samy # 06. Champagne Bronze,157659,.6-CHAMPAGNE-BRONZE,171010-1,https://samycosmetics.vteximg.com.br/arquivos/ids/157659/.6-CHAMPAGNE-BRONZE.jpg
171010,Rubor Luminescent Samy # 06. Champagne Bronze,158973,Rubor-Luminicent2,Rubor-Luminicent2,https://samycosmetics.vteximg.com.br/arquivos/ids/158973/Rubor-Luminicent2.jpg
171011,Rubor Luminescent Samy # 07. Rose Petal,157660,.7-ROSE-PETAL,171011-1,https://samycosmetics.vteximg.com.br/arquivos/ids/157660/.7-ROSE-PETAL.jpg
171011,Rubor Luminescent Samy # 07. Rose Petal,158974,Rubor-Luminicent2,Rubor-Luminicent2,https://samycosmetics.vteximg.com.br/arquivos/ids/158974/Rubor-Luminicent2.jpg
001268,Sacapuntas Samy,156468,001268-1,001268-1,https://samycosmetics.vteximg.com.br/arquivos/ids/156468/001268-1.jpg
220801,Serum Hidratante X 30 Ml Samy,157229,SERUM-HIDRATANTE-SAMY,220801,https://samycosmetics.vteximg.com.br/arquivos/ids/157229/SERUM-HIDRATANTE-SAMY.png
220801,Serum Hidratante X 30 Ml Samy,156519,220801-2,220801,https://samycosmetics.vteximg.com.br/arquivos/ids/156519/220801-2.jpg
220801,Serum Hidratante X 30 Ml Samy,156965,220801-2,220801-2,https://samycosmetics.vteximg.com.br/arquivos/ids/156965/220801-2.jpg
220801,Serum Hidratante X 30 Ml Samy,156966,220801-3,220801-3,https://samycosmetics.vteximg.com.br/arquivos/ids/156966/220801-3.jpg
132001,Set Brochas Beauty Pocket (1Px5U) Samy,156470,132001-1,132001-1,https://samycosmetics.vteximg.com.br/arquivos/ids/156470/132001-1.jpg
065000,Silicona Antifrizz,157108,SILICONA-ANTIFRIZZ-80-ML--003-,065001,https://samycosmetics.vteximg.com.br/arquivos/ids/157108/SILICONA-ANTIFRIZZ-80-ML--003-.jpg
009004,Sombra Compacta Individual Samy # 04. Beige Perlado - Pearly Beige,158357,SOMBRA-INDIVIDUAL-PERLADA-04-2023-copia,SOMBRA-INDIVIDUAL-PERLADA-04-2023-copia,https://samycosmetics.vteximg.com.br/arquivos/ids/158357/SOMBRA-INDIVIDUAL-PERLADA-04-2023-copia.jpg
009003,Sombra Compacta Individual Samy # 03. Blanco Intenso - Intense White,158359,SOMBRA-INDIVIDUAL-MATE-3-2023-copia,SOMBRA-INDIVIDUAL-MATE-3-2023-copia,https://samycosmetics.vteximg.com.br/arquivos/ids/158359/SOMBRA-INDIVIDUAL-MATE-3-2023-copia.jpg
009001,Sombra Compacta Individual Samy # 01. Negro Profundo - Deep Black,158358,SOMBRA-INDIVIDUAL-MATE-1-2023-copia,SOMBRA-INDIVIDUAL-MATE-1-2023-copia,https://samycosmetics.vteximg.com.br/arquivos/ids/158358/SOMBRA-INDIVIDUAL-MATE-1-2023-copia.jpg
009005,Sombra Compacta Individual Samy # 05. Beige Mate - Matte Beige,158360,SOMBRA-INDIVIDUAL-MATE-5-2023-copia,SOMBRA-INDIVIDUAL-MATE-5-2023-copia,https://samycosmetics.vteximg.com.br/arquivos/ids/158360/SOMBRA-INDIVIDUAL-MATE-5-2023-copia.jpg
009006,Sombra Compacta Individual Samy # 06. Dorado Perlado - Shimmering Gold,156476,009006-1,009006-1,https://samycosmetics.vteximg.com.br/arquivos/ids/156476/009006-1.jpg
009008,Sombra Compacta Individual Samy # 08. Naranja Cítrico - Citrus Orange,158377,SOMBRA-INDIVIDUAL-PERLADA-08,SOMBRA-INDIVIDUAL-PERLADA-08,https://samycosmetics.vteximg.com.br/arquivos/ids/158377/SOMBRA-INDIVIDUAL-PERLADA-08.jpg
009009,Sombra Compacta Individual Samy # 09. Vinotinto - Red Wine,158378,SOMBRA-INDIVIDUAL-PERLADA-09,SOMBRA-INDIVIDUAL-PERLADA-09,https://samycosmetics.vteximg.com.br/arquivos/ids/158378/SOMBRA-INDIVIDUAL-PERLADA-09.jpg
009010,Sombra Compacta Individual Samy # 10. Bronce - Bronze,158379,SOMBRA-INDIVIDUAL-PERLADA-10,SOMBRA-INDIVIDUAL-PERLADA-10,https://samycosmetics.vteximg.com.br/arquivos/ids/158379/SOMBRA-INDIVIDUAL-PERLADA-10.jpg
009011,Sombra Compacta Individual Samy # 11. Café Chocolate - Chocolate Brown,158380,SOMBRA-INDIVIDUAL-MATE-11,SOMBRA-INDIVIDUAL-MATE-11,https://samycosmetics.vteximg.com.br/arquivos/ids/158380/SOMBRA-INDIVIDUAL-MATE-11.jpg
009012,Sombra Compacta Individual Samy # 12. Rosa Suave - Tender Rose,158381,SOMBRA-INDIVIDUAL-PERLADA-12,SOMBRA-INDIVIDUAL-PERLADA-12,https://samycosmetics.vteximg.com.br/arquivos/ids/158381/SOMBRA-INDIVIDUAL-PERLADA-12.jpg
009014,Sombra Compacta Individual Samy # 14. Fucsia - Fuchsia,158382,SOMBRA-INDIVIDUAL-PERLADA-14,SOMBRA-INDIVIDUAL-PERLADA-14,https://samycosmetics.vteximg.com.br/arquivos/ids/158382/SOMBRA-INDIVIDUAL-PERLADA-14.jpg
009021,Sombra Compacta Individual Samy # 21. Café Claro -  Light Brown,156483,009021-1,009021-1,https://samycosmetics.vteximg.com.br/arquivos/ids/156483/009021-1.jpg
009022,Sombra Compacta Individual Samy # 22. Café Medio - Medium Brown,158365,SOMBRA-INDIVIDUAL-MATE-22-2023-copia,SOMBRA-INDIVIDUAL-MATE-22-2023-copia,https://samycosmetics.vteximg.com.br/arquivos/ids/158365/SOMBRA-INDIVIDUAL-MATE-22-2023-copia.jpg
009023,Sombra Compacta Individual Samy # 23. Blanco Perlado - Pearl White,158383,SOMBRA-INDIVIDUAL-PERLADA-23-Blanco-Perlado-2023-copia,SOMBRA-INDIVIDUAL-PERLADA-23-Blanco-Perlado-2023-copia,https://samycosmetics.vteximg.com.br/arquivos/ids/158383/SOMBRA-INDIVIDUAL-PERLADA-23-Blanco-Perlado-2023-copia.jpg
009024,Sombra Compacta Individual Samy # 24. Café Rosa - Pink Coffee,156486,009024-1,009024-1,https://samycosmetics.vteximg.com.br/arquivos/ids/156486/009024-1.jpg
009025,Sombra Compacta Individual Samy # 25. Café Moca - Mocha,158384,SOMBRA-INDIVIDUAL-PERLADA-25,SOMBRA-INDIVIDUAL-PERLADA-25,https://samycosmetics.vteximg.com.br/arquivos/ids/158384/SOMBRA-INDIVIDUAL-PERLADA-25.jpg
009027,Sombra Compacta Individual Samy # 27. Azul Índigo - Indigo Blue,158367,SOMBRA-INDIVIDUAL-PERLADA-27-2023-copia,SOMBRA-INDIVIDUAL-PERLADA-27-2023-copia,https://samycosmetics.vteximg.com.br/arquivos/ids/158367/SOMBRA-INDIVIDUAL-PERLADA-27-2023-copia.jpg
009030,Sombra Compacta Individual Samy # 30. Rosa Perla - Pearl Rose,158385,SOMBRA-INDIVIDUAL-PERLADA-30,SOMBRA-INDIVIDUAL-PERLADA-30,https://samycosmetics.vteximg.com.br/arquivos/ids/158385/SOMBRA-INDIVIDUAL-PERLADA-30.jpg
009033,Sombra Compacta Individual Samy # 33. Pétalo De Rosa -  Rose Petal,158386,SOMBRA-INDIVIDUAL-PERLADA-33,SOMBRA-INDIVIDUAL-PERLADA-33,https://samycosmetics.vteximg.com.br/arquivos/ids/158386/SOMBRA-INDIVIDUAL-PERLADA-33.jpg
009034,Sombra Compacta Individual Samy # 35. Rosa Clásico - Vintage Rose,156491,009034-1,009034-1,https://samycosmetics.vteximg.com.br/arquivos/ids/156491/009034-1.jpg
009035,Sombra Compacta Individual Samy # 36. Blanco Marfil - Ivory White,158369,SOMBRA-INDIVIDUAL-PERLADA-36-2023-copia,SOMBRA-INDIVIDUAL-PERLADA-36-2023-copia,https://samycosmetics.vteximg.com.br/arquivos/ids/158369/SOMBRA-INDIVIDUAL-PERLADA-36-2023-copia.jpg
009037,Sombra Compacta Individual Samy # 37. Lila - Lilac,156493,009037-1,009037-1,https://samycosmetics.vteximg.com.br/arquivos/ids/156493/009037-1.jpg
009036,Sombra Compacta Individual Samy # 38. Blanco Acero - Steel White,158387,SOMBRA-INDIVIDUAL-PERLADA-38,SOMBRA-INDIVIDUAL-PERLADA-38,https://samycosmetics.vteximg.com.br/arquivos/ids/158387/SOMBRA-INDIVIDUAL-PERLADA-38.jpg
009040,Sombra Compacta Individual Samy # 42. Rosa Metálico - Metallic Rose,158388,SOMBRA-INDIVIDUAL-PERLADA-42,SOMBRA-INDIVIDUAL-PERLADA-42,https://samycosmetics.vteximg.com.br/arquivos/ids/158388/SOMBRA-INDIVIDUAL-PERLADA-42.jpg
009042,Sombra Compacta Individual Samy # 45. Avellana Intenso - Deep Hazel,158389,SOMBRA-INDIVIDUAL-PERLADA-45,SOMBRA-INDIVIDUAL-PERLADA-45,https://samycosmetics.vteximg.com.br/arquivos/ids/158389/SOMBRA-INDIVIDUAL-PERLADA-45.jpg
009043,Sombra Compacta Individual Samy # 46. Nácar - Mother Of Pearl,158390,SOMBRA-INDIVIDUAL-PERLADA-46,SOMBRA-INDIVIDUAL-PERLADA-46,https://samycosmetics.vteximg.com.br/arquivos/ids/158390/SOMBRA-INDIVIDUAL-PERLADA-46.jpg
009045,Sombra Compacta Individual Samy # 48. Coral Claro - Light Coral,158397,SOMBRA-INDIVIDUAL-MATE-48,SOMBRA-INDIVIDUAL-MATE-48,https://samycosmetics.vteximg.com.br/arquivos/ids/158397/SOMBRA-INDIVIDUAL-MATE-48.jpg
009046,Sombra Compacta Individual Samy # 50. Siena Claro - Light Sienna,158391,SOMBRA-INDIVIDUAL-MATE-50,SOMBRA-INDIVIDUAL-MATE-50,https://samycosmetics.vteximg.com.br/arquivos/ids/158391/SOMBRA-INDIVIDUAL-MATE-50.jpg
009047,Sombra Compacta Individual Samy # 51. Capuchino - Cappuccino,158392,SOMBRA-INDIVIDUAL-MATE-51,SOMBRA-INDIVIDUAL-MATE-51,https://samycosmetics.vteximg.com.br/arquivos/ids/158392/SOMBRA-INDIVIDUAL-MATE-51.jpg
009048,Sombra Compacta Individual Samy # 52. Canela - Cinnamon,158393,SOMBRA-INDIVIDUAL-MATE-52,SOMBRA-INDIVIDUAL-MATE-52,https://samycosmetics.vteximg.com.br/arquivos/ids/158393/SOMBRA-INDIVIDUAL-MATE-52.jpg
009049,Sombra Compacta Individual Samy # 53. Coral Intenso - Intense Coral,158394,SOMBRA-INDIVIDUAL-MATE-53,SOMBRA-INDIVIDUAL-MATE-53,https://samycosmetics.vteximg.com.br/arquivos/ids/158394/SOMBRA-INDIVIDUAL-MATE-53.jpg
009050,Sombra Compacta Individual Samy # 54. Sepia - Sepia,158395,SOMBRA-INDIVIDUAL-MATE-54,SOMBRA-INDIVIDUAL-MATE-54,https://samycosmetics.vteximg.com.br/arquivos/ids/158395/SOMBRA-INDIVIDUAL-MATE-54.jpg
009051,Sombra Compacta Individual Samy # 55. Terracota - Terracotta,158396,SOMBRA-INDIVIDUAL-MATE-55,SOMBRA-INDIVIDUAL-MATE-55,https://samycosmetics.vteximg.com.br/arquivos/ids/158396/SOMBRA-INDIVIDUAL-MATE-55.jpg
009052,Sombra Compacta Individual Samy # 56. Tabaco - Tobacco,158375,SOMBRA-INDIVIDUAL-MATE-56,SOMBRA-INDIVIDUAL-MATE-56,https://samycosmetics.vteximg.com.br/arquivos/ids/158375/SOMBRA-INDIVIDUAL-MATE-56.jpg
009056,Sombra Compacta Individual Samy # 60. Orquídea - Orchid,156506,009056-1,009056-1,https://samycosmetics.vteximg.com.br/arquivos/ids/156506/009056-1.jpg
009062,Sombra Compacta Individual Samy # 66. Turquesa - Turquoise,156507,009062-1,009062-1,https://samycosmetics.vteximg.com.br/arquivos/ids/156507/009062-1.jpg
009064,Sombra Compacta Individual Samy # 68. Arena - Sand,158374,SOMBRA-INDIVIDUAL-MATE-68,SOMBRA-INDIVIDUAL-MATE-68,https://samycosmetics.vteximg.com.br/arquivos/ids/158374/SOMBRA-INDIVIDUAL-MATE-68.jpg
009066,Sombra Compacta Individual Samy # 70. Salmón Pálido - Pale Salmon,158373,SOMBRA-INDIVIDUAL-MATE-70,SOMBRA-INDIVIDUAL-MATE-70,https://samycosmetics.vteximg.com.br/arquivos/ids/158373/SOMBRA-INDIVIDUAL-MATE-70.jpg
009067,Sombra Compacta Individual Samy # 71. Castaño - Chestnut,158372,SOMBRA-INDIVIDUAL-MATE-71,SOMBRA-INDIVIDUAL-MATE-71,https://samycosmetics.vteximg.com.br/arquivos/ids/158372/SOMBRA-INDIVIDUAL-MATE-71.jpg
062994,Agua Micelar Bifasica 125 Ml,156980,062994,062994,https://samycosmetics.vteximg.com.br/arquivos/ids/156980/062994.jpg
062995,Agua Micelar Desmaquillante 120 Ml Samy Ts,156981,062995,062995,https://samycosmetics.vteximg.com.br/arquivos/ids/156981/062995.jpg
062995,Agua Micelar Desmaquillante 120 Ml Samy Ts,157042,Modelo-agua-micelar,agua-micelar,https://samycosmetics.vteximg.com.br/arquivos/ids/157042/Modelo-agua-micelar.jpg
062995,Agua Micelar Desmaquillante 120 Ml Samy Ts,157043,Agua-micelar,agua-micelar,https://samycosmetics.vteximg.com.br/arquivos/ids/157043/Agua-micelar.jpg
062996,Desmaquilladora Dual 125 Ml,156979,062996,062996,https://samycosmetics.vteximg.com.br/arquivos/ids/156979/062996.jpg
062996,Desmaquilladora Dual 125 Ml,157048,MODELO-DESMAQUILLADORA,dual,https://samycosmetics.vteximg.com.br/arquivos/ids/157048/MODELO-DESMAQUILLADORA.jpg
062996,Desmaquilladora Dual 125 Ml,157049,Desmaquilladora-dual-261020,dual,https://samycosmetics.vteximg.com.br/arquivos/ids/157049/Desmaquilladora-dual-261020.jpg
054104,Lápiz delineador profesional Samy # 04. Camel,156347,054104-1,054104-1,https://samycosmetics.vteximg.com.br/arquivos/ids/156347/054104-1.jpg
054105,Lápiz delineador profesional Samy # 05. Caoba,156348,054105-1,054105-1,https://samycosmetics.vteximg.com.br/arquivos/ids/156348/054105-1.jpg
054106,Lápiz delineador profesional Samy # 06. Café Oscuro,156349,054106-1,054106-1,https://samycosmetics.vteximg.com.br/arquivos/ids/156349/054106-1.jpg
054117,Lápiz delineador profesional Samy # 17. Café Expreso,156357,054117-1,054117-1,https://samycosmetics.vteximg.com.br/arquivos/ids/156357/054117-1.jpg
054107,Lapiz Delineador Profesional Samy # 07. Terracota,156350,054107-1,054107-1,https://samycosmetics.vteximg.com.br/arquivos/ids/156350/054107-1.jpg
054108,Lapiz Delineador Profesional Samy # 08. Rojo Vino,156351,054108-1,054108-1,https://samycosmetics.vteximg.com.br/arquivos/ids/156351/054108-1.jpg
054110,Lapiz Delineador Profesional Samy # 10. Rojo Pasion,156352,054110-1,054110-1,https://samycosmetics.vteximg.com.br/arquivos/ids/156352/054110-1.jpg
054112,Lapiz Delineador Profesional Samy # 12. Palo De Rosa,156353,054112-1,054112-1,https://samycosmetics.vteximg.com.br/arquivos/ids/156353/054112-1.jpg
054113,Lapiz Delineador Profesional Samy # 13. Nude,156354,054113-1,054113-1,https://samycosmetics.vteximg.com.br/arquivos/ids/156354/054113-1.jpg
270290,Paleta X 35 Sombras Compactas Samy # 01. Providencia,156952,270290,270290,https://samycosmetics.vteximg.com.br/arquivos/ids/156952/270290.jpg
270290,Paleta X 35 Sombras Compactas Samy # 01. Providencia,157036,Modelo-provi,paletax35,https://samycosmetics.vteximg.com.br/arquivos/ids/157036/Modelo-provi.jpg
270290,Paleta X 35 Sombras Compactas Samy # 01. Providencia,157037,Swatches-x-3-lanzamiento,paletax35,https://samycosmetics.vteximg.com.br/arquivos/ids/157037/Swatches-x-3-lanzamiento.jpg
270290,Paleta X 35 Sombras Compactas Samy # 01. Providencia,157038,paleta-x-35-carrusel,paletax35,https://samycosmetics.vteximg.com.br/arquivos/ids/157038/paleta-x-35-carrusel.jpg
190020,Polvo Compacto Banana Samy,156953,190020,190020,https://samycosmetics.vteximg.com.br/arquivos/ids/156953/190020.jpg
190020,Polvo Compacto Banana Samy,156997,POLVO-BANANA,polvo-banana,https://samycosmetics.vteximg.com.br/arquivos/ids/156997/POLVO-BANANA.jpg
190020,Polvo Compacto Banana Samy,157034,190020-3,190020-3,https://samycosmetics.vteximg.com.br/arquivos/ids/157034/190020-3.jpg
145016,Antibacterial Liquido 60 Ml Samy Neutro,156954,145016,145016,https://samycosmetics.vteximg.com.br/arquivos/ids/156954/145016.jpg
145017,Antibacterial Liquido 145 Ml Samy Neutro,156955,145017,145017,https://samycosmetics.vteximg.com.br/arquivos/ids/156955/145017.jpg
145042,Antibacterial Líquido 60 Ml Samy Menta,156956,145042,145042,https://samycosmetics.vteximg.com.br/arquivos/ids/156956/145042.jpg
145043,Antibacterial Líquido 145 Ml Samy Menta,156957,145043,145043,https://samycosmetics.vteximg.com.br/arquivos/ids/156957/145043.jpg
145044,Antibacterial Líquido 60 Ml Samy Tropical,156958,145044,145044,https://samycosmetics.vteximg.com.br/arquivos/ids/156958/145044.jpg
145045,Antibacterial Líquido 145 Ml Samy Tropical,156959,145045,145045,https://samycosmetics.vteximg.com.br/arquivos/ids/156959/145045.jpg
12345,prueba brocer 2,156978,149006,1234,https://samycosmetics.vteximg.com.br/arquivos/ids/156978/149006.jpg
146999,Kit So Clean So Fresh,156982,146999-1,146999-1,https://samycosmetics.vteximg.com.br/arquivos/ids/156982/146999-1.jpg
146999,Kit So Clean So Fresh,156983,146999-2,146999-2,https://samycosmetics.vteximg.com.br/arquivos/ids/156983/146999-2.jpg
250000,Polvo  Compacto Matificante Samy,157522,POLVO-COMPACTO-MATIFICANTE-SAMY,000000,https://samycosmetics.vteximg.com.br/arquivos/ids/157522/POLVO-COMPACTO-MATIFICANTE-SAMY.jpg
114000,Delineador Líquido De Ojos A Prueba De Agua,156995,Delineador-iconic-2,114000,https://samycosmetics.vteximg.com.br/arquivos/ids/156995/Delineador-iconic-2.jpg
241108,Base Líquida Go Bright! # 0.0 Fair,157637,GO-BRIGHT--BASE-LIQUIDA-nuevo-texto-TONO-0,241108,https://samycosmetics.vteximg.com.br/arquivos/ids/157637/GO-BRIGHT--BASE-LIQUIDA-nuevo-texto-TONO-0.jpg
241108,Base Líquida Go Bright! # 0.0 Fair,157009,241108--TONO-0,241108-tono-0.0,https://samycosmetics.vteximg.com.br/arquivos/ids/157009/241108--TONO-0.jpg
241109,Base Líquida Go Bright! # 1.0  Light,157638,GO-BRIGHT--BASE-LIQUIDA-nuevo-texto-TONO-1,241109,https://samycosmetics.vteximg.com.br/arquivos/ids/157638/GO-BRIGHT--BASE-LIQUIDA-nuevo-texto-TONO-1.jpg
241109,Base Líquida Go Bright! # 1.0  Light,157011,241109--TONO-1,241109-TONO-1,https://samycosmetics.vteximg.com.br/arquivos/ids/157011/241109--TONO-1.jpg
241110,Base Líquida Go Bright! # 2.0 Beige,157639,GO-BRIGHT--BASE-LIQUIDA-nuevo-texto-TONO-2,241110,https://samycosmetics.vteximg.com.br/arquivos/ids/157639/GO-BRIGHT--BASE-LIQUIDA-nuevo-texto-TONO-2.jpg
241110,Base Líquida Go Bright! # 2.0 Beige,157013,241110--TONO-2,241110,https://samycosmetics.vteximg.com.br/arquivos/ids/157013/241110--TONO-2.jpg
241111,Base Líquida Go Bright! #3.0 Medium,157640,GO-BRIGHT--BASE-LIQUIDA-nuevo-texto-TONO-4,241111,https://samycosmetics.vteximg.com.br/arquivos/ids/157640/GO-BRIGHT--BASE-LIQUIDA-nuevo-texto-TONO-4.jpg
241111,Base Líquida Go Bright! #3.0 Medium,157015,241111--TONO-3,241111-TONO-3,https://samycosmetics.vteximg.com.br/arquivos/ids/157015/241111--TONO-3.jpg
241112,Base Líquida Go Bright! # 4.0 Medium Tan,157641,GO-BRIGHT--BASE-LIQUIDA-nuevo-texto-TONO-4,241112,https://samycosmetics.vteximg.com.br/arquivos/ids/157641/GO-BRIGHT--BASE-LIQUIDA-nuevo-texto-TONO-4.jpg
241112,Base Líquida Go Bright! # 4.0 Medium Tan,157016,241112--TONO-4,241112,https://samycosmetics.vteximg.com.br/arquivos/ids/157016/241112--TONO-4.jpg
241113,Base Líquida Go Bright! #5.0 Tan,157642,GO-BRIGHT--BASE-LIQUIDA-nuevo-texto-TONO-5,241113,https://samycosmetics.vteximg.com.br/arquivos/ids/157642/GO-BRIGHT--BASE-LIQUIDA-nuevo-texto-TONO-5.jpg
241113,Base Líquida Go Bright! #5.0 Tan,157018,241113--TONO-5,241113,https://samycosmetics.vteximg.com.br/arquivos/ids/157018/241113--TONO-5.jpg
241114,Base Líquida Go Bright! # 6.0  Deep Tan,157644,GO-BRIGHT--BASE-LIQUIDA-nuevo-texto-TONO-6,241114,https://samycosmetics.vteximg.com.br/arquivos/ids/157644/GO-BRIGHT--BASE-LIQUIDA-nuevo-texto-TONO-6.jpg
241114,Base Líquida Go Bright! # 6.0  Deep Tan,157020,241114--TONO-6,241114-TONO-6,https://samycosmetics.vteximg.com.br/arquivos/ids/157020/241114--TONO-6.jpg
241115,Base Líquida Go Bright! #7.0 Rich,157645,GO-BRIGHT--BASE-LIQUIDA-nuevo-texto-TONO-7,241115,https://samycosmetics.vteximg.com.br/arquivos/ids/157645/GO-BRIGHT--BASE-LIQUIDA-nuevo-texto-TONO-7.jpg
241115,Base Líquida Go Bright! #7.0 Rich,157022,241115--TONO-7,241115-TONO-7,https://samycosmetics.vteximg.com.br/arquivos/ids/157022/241115--TONO-7.jpg
241116,Base Líquida Go Bright! # 8.0 Deep,157646,GO-BRIGHT--BASE-LIQUIDA-nuevo-texto-TONO-8,241116,https://samycosmetics.vteximg.com.br/arquivos/ids/157646/GO-BRIGHT--BASE-LIQUIDA-nuevo-texto-TONO-8.jpg
241116,Base Líquida Go Bright! # 8.0 Deep,157024,241116--TONO-8,241116--TONO-8,https://samycosmetics.vteximg.com.br/arquivos/ids/157024/241116--TONO-8.jpg
043994,Pigmento Samy  #15. Cobre,157057,PIGMENTO15,043994,https://samycosmetics.vteximg.com.br/arquivos/ids/157057/PIGMENTO15.png
043993,Pigmento Samy #16. Oro Rosa,157061,PIGMENTO-16,043993,https://samycosmetics.vteximg.com.br/arquivos/ids/157061/PIGMENTO-16.png
043992,Pigmento Samy  #17. Champaña,157062,PIGMENTO17,043992,https://samycosmetics.vteximg.com.br/arquivos/ids/157062/PIGMENTO17.png
043997,Pigmento Samy  #05. Bronce,157162,PIGMENTO-5,043997,https://samycosmetics.vteximg.com.br/arquivos/ids/157162/PIGMENTO-5.jpg
043996,Pigmento Samy # 09. Plata,157163,PIGMENTO-9,043996,https://samycosmetics.vteximg.com.br/arquivos/ids/157163/PIGMENTO-9.jpg
043995,Pigmento Samy # 13. Rosa,157166,PIGMENTO-13,043995,https://samycosmetics.vteximg.com.br/arquivos/ids/157166/PIGMENTO-13.jpg
044000,Pigmento Samy # 02. Blanco,157173,PIGMENTO-2,044000,https://samycosmetics.vteximg.com.br/arquivos/ids/157173/PIGMENTO-2.jpg
043999,Pigmento Samy # 03. Beige,157174,PIGMENTO-3,043999,https://samycosmetics.vteximg.com.br/arquivos/ids/157174/PIGMENTO-3.jpg
043998,Pigmento Samy # 04. Dorado,157175,PIGMENTO-4,043998,https://samycosmetics.vteximg.com.br/arquivos/ids/157175/PIGMENTO-4.jpg
043991,Pigmento Samy  # 18. Malva,157187,PIGMENTO-18-MALVA-,malva,https://samycosmetics.vteximg.com.br/arquivos/ids/157187/PIGMENTO-18-MALVA-.jpg
021959,Fijador De Maquillaje Luminoso 80 Ml,157080,021959-FIJADOR-DE-MAQUILLAJE-LUMINOSO,021959,https://samycosmetics.vteximg.com.br/arquivos/ids/157080/021959-FIJADOR-DE-MAQUILLAJE-LUMINOSO.jpg
255556,Paleta X 5 Correctores Samy # 01. Universal,157081,001078,PALETAX5,https://samycosmetics.vteximg.com.br/arquivos/ids/157081/001078.jpg
260022,Kit Esponjas De Maquillaje X2 Und,159431,esponjas de maquillaje 2 und,esponjas de maquillaje 2 und,https://samycosmetics.vteximg.com.br/arquivos/ids/159431/esponjas de maquillaje 2 und.jpg
220803,Sérum Nutritivo X 30 Ml Samy,157230,SERUM-NUTRITIVO-SAMY,220803,https://samycosmetics.vteximg.com.br/arquivos/ids/157230/SERUM-NUTRITIVO-SAMY.png
220802,Sérum Reparador X 30 Ml,157097,SERUM-REPARADOR-30-ML-SAMY,220802,https://samycosmetics.vteximg.com.br/arquivos/ids/157097/SERUM-REPARADOR-30-ML-SAMY.jpg
007017,Queen Beauty Kit,157105,KIT-QUEEN,007017,https://samycosmetics.vteximg.com.br/arquivos/ids/157105/KIT-QUEEN.jpg
007018,Goddess Beauty Kit,157106,KIT-GODDESS,007018,https://samycosmetics.vteximg.com.br/arquivos/ids/157106/KIT-GODDESS.jpg
007024,Kit Feeling Groovy Samy X Estudio Minto,157130,FOTO-PRODUCTO-2,007024,https://samycosmetics.vteximg.com.br/arquivos/ids/157130/FOTO-PRODUCTO-2.jpg
007024,Kit Feeling Groovy Samy X Estudio Minto,157131,FOTO-PRODUCTO-3,007024,https://samycosmetics.vteximg.com.br/arquivos/ids/157131/FOTO-PRODUCTO-3.jpg
007024,Kit Feeling Groovy Samy X Estudio Minto,157132,FOTO-PRODUCTO-4,007024,https://samycosmetics.vteximg.com.br/arquivos/ids/157132/FOTO-PRODUCTO-4.jpg
007024,Kit Feeling Groovy Samy X Estudio Minto,157133,FOTO-PRODUCTO-5,007024,https://samycosmetics.vteximg.com.br/arquivos/ids/157133/FOTO-PRODUCTO-5.jpg
113002,Lápiz para cejas retráctil 1. Ash Brown,157144,1.-ASH-BROWN,113002,https://samycosmetics.vteximg.com.br/arquivos/ids/157144/1.-ASH-BROWN.jpg
113003,Lápiz para cejas retráctil 2. Brown,157145,2.-BROWN,113003,https://samycosmetics.vteximg.com.br/arquivos/ids/157145/2.-BROWN.jpg
000160,Crema Facial Nutritiva,158687,NOURISHING-FACIAL--1200-x-1200-,NOURISHING-FACIAL--1200-x-1200-,https://samycosmetics.vteximg.com.br/arquivos/ids/158687/NOURISHING-FACIAL--1200-x-1200-.jpg
000160,Crema Facial Nutritiva,158688,NOURISHING-FACIAL--caja-vercion-completa-1200-x-1200-,NOURISHING-FACIAL--caja-vercion-completa-1200-x-1200-,https://samycosmetics.vteximg.com.br/arquivos/ids/158688/NOURISHING-FACIAL--caja-vercion-completa-1200-x-1200-.jpg
000159,Crema Facial Hidratante,158979,HIDRATING-FACIAL--1200-x-1200-,HIDRATING-FACIAL--1200-x-1200-,https://samycosmetics.vteximg.com.br/arquivos/ids/158979/HIDRATING-FACIAL--1200-x-1200-.jpg
000159,Crema Facial Hidratante,158980,HIDRATING-FACIAL--caja-vercion-completa-1200-x-1200-,HIDRATING-FACIAL--caja-vercion-completa-1200-x-1200-,https://samycosmetics.vteximg.com.br/arquivos/ids/158980/HIDRATING-FACIAL--caja-vercion-completa-1200-x-1200-.jpg
021999,Primer Matificante 15 Gr,157424,PRIMER-MATIFICANTE-x-15-gr-SAMY-nueva-imagen,021999,https://samycosmetics.vteximg.com.br/arquivos/ids/157424/PRIMER-MATIFICANTE-x-15-gr-SAMY-nueva-imagen.jpg
001227,Máscara de cejas con color Samy # 01. Blonde,157189,001227--MASCARA-DE-CEJAS-CON-COLOR-SAMY---1.-BLONDE,001227--,https://samycosmetics.vteximg.com.br/arquivos/ids/157189/001227--MASCARA-DE-CEJAS-CON-COLOR-SAMY---1.-BLONDE.jpg
001227,Máscara de cejas con color Samy # 01. Blonde,157195,tono-1,001227---,https://samycosmetics.vteximg.com.br/arquivos/ids/157195/tono-1.jpg
001228,Máscara de cejas con color Samy # 02. Brown,157193,001228--MASCARA-DE-CEJAS-CON-COLOR-SAMY---2.-BROWN,001228--,https://samycosmetics.vteximg.com.br/arquivos/ids/157193/001228--MASCARA-DE-CEJAS-CON-COLOR-SAMY---2.-BROWN.jpg
001228,Máscara de cejas con color Samy # 02. Brown,157196,tono-2,001228---,https://samycosmetics.vteximg.com.br/arquivos/ids/157196/tono-2.jpg
001229,Máscara de cejas con color Samy # 03. Gray Black,157194,001229--MASCARA-DE-CEJAS-CON-COLOR-SAMY---3.-GRAY-BLACK,001229--,https://samycosmetics.vteximg.com.br/arquivos/ids/157194/001229--MASCARA-DE-CEJAS-CON-COLOR-SAMY---3.-GRAY-BLACK.jpg
001229,Máscara de cejas con color Samy # 03. Gray Black,157197,Tono-3,001229---,https://samycosmetics.vteximg.com.br/arquivos/ids/157197/Tono-3.jpg
017010,Removedor De Esmalte Con Keratina 250 Ml Samy Fragancia Coco Lima Y Verbena,157201,017010-REMOVEDOR-DE-ESMALTE-CON-KERATINA-250-ml-SAMY-FRAGANCIA-COCO-LIMA-Y-VERBENA,017010,https://samycosmetics.vteximg.com.br/arquivos/ids/157201/017010-REMOVEDOR-DE-ESMALTE-CON-KERATINA-250-ml-SAMY-FRAGANCIA-COCO-LIMA-Y-VERBENA.jpg
017009,Removedor De Esmalte Con Keratina 90 Ml Samy Fragancia Coco Lima Y Verbena,157202,017009-REMOVEDOR-DE-ESMALTE-CON-KERATINA-90-ml-SAMY-FRAGANCIA-COCO-LIMA-Y-VERBENA,017009,https://samycosmetics.vteximg.com.br/arquivos/ids/157202/017009-REMOVEDOR-DE-ESMALTE-CON-KERATINA-90-ml-SAMY-FRAGANCIA-COCO-LIMA-Y-VERBENA.jpg
021998,Primer Hidratante 26 Gr,157277,PRIMER-HIDRATANTE-26g,021998-,https://samycosmetics.vteximg.com.br/arquivos/ids/157277/PRIMER-HIDRATANTE-26g.jpg
021997,Primer Hidratante 13 Gr,157278,021999-PRIMER-MATIFICANTE-x-15-gr-SAMY--1-,021997-,https://samycosmetics.vteximg.com.br/arquivos/ids/157278/021999-PRIMER-MATIFICANTE-x-15-gr-SAMY--1-.jpg
113999,Delineador Líquido De Ojos A Prueba De Agua,157279,Delineador-iconic--1-,113999,https://samycosmetics.vteximg.com.br/arquivos/ids/157279/Delineador-iconic--1-.jpg
039036,Paleta X 9 Sombras Compactas Samy # 01.Lilac Vibes,157280,PALETA-LILAC-JUNTA,039036-,https://samycosmetics.vteximg.com.br/arquivos/ids/157280/PALETA-LILAC-JUNTA.jpg
039036,Paleta X 9 Sombras Compactas Samy # 01.Lilac Vibes,157281,Swatches-lilac-vibes,039036-,https://samycosmetics.vteximg.com.br/arquivos/ids/157281/Swatches-lilac-vibes.jpg
039037,Paleta X 9 Sombras Compactas Samy # 02.Nude Vibes,157285,NUDE-VIBES-encuadre,039037,https://samycosmetics.vteximg.com.br/arquivos/ids/157285/NUDE-VIBES-encuadre.jpg
039037,Paleta X 9 Sombras Compactas Samy # 02.Nude Vibes,157286,Swatches-nude-vibes,039037,https://samycosmetics.vteximg.com.br/arquivos/ids/157286/Swatches-nude-vibes.jpg
039038,Paleta X 9 Sombras Compactas Samy # 03.Tropical Vibes,157287,PALETA-TROPICAL-JUNTA,039038,https://samycosmetics.vteximg.com.br/arquivos/ids/157287/PALETA-TROPICAL-JUNTA.jpg
039038,Paleta X 9 Sombras Compactas Samy # 03.Tropical Vibes,157288,Swatches-tropical-vibes,039038,https://samycosmetics.vteximg.com.br/arquivos/ids/157288/Swatches-tropical-vibes.jpg
180000,Labial Liquido Cremoso Samy # 01.Latte,157295,LABIAL-LIQUIDO-CREMOSO-SAMY---1,180000,https://samycosmetics.vteximg.com.br/arquivos/ids/157295/LABIAL-LIQUIDO-CREMOSO-SAMY---1.jpg
180000,Labial Liquido Cremoso Samy # 01.Latte,157296,LABIO-TONO1,180000,https://samycosmetics.vteximg.com.br/arquivos/ids/157296/LABIO-TONO1.jpg
179999,Labial Liquido Cremoso Samy # 02.Macchiato,157297,LABIAL-LIQUIDO-CREMOSO-SAMY---2,179999,https://samycosmetics.vteximg.com.br/arquivos/ids/157297/LABIAL-LIQUIDO-CREMOSO-SAMY---2.jpg
179999,Labial Liquido Cremoso Samy # 02.Macchiato,157298,LABIO-TONO2,179999,https://samycosmetics.vteximg.com.br/arquivos/ids/157298/LABIO-TONO2.jpg
179998,Labial Liquido Cremoso Samy # 03.Cappuccino,157299,LABIAL-LIQUIDO-CREMOSO-SAMY---3,179998,https://samycosmetics.vteximg.com.br/arquivos/ids/157299/LABIAL-LIQUIDO-CREMOSO-SAMY---3.jpg
179998,Labial Liquido Cremoso Samy # 03.Cappuccino,157300,LABIO-3,179998,https://samycosmetics.vteximg.com.br/arquivos/ids/157300/LABIO-3.jpg
179997,Labial Liquido Cremoso Samy # 04.Mocha,157301,LABIAL-LIQUIDO-CREMOSO-SAMY---4,179997,https://samycosmetics.vteximg.com.br/arquivos/ids/157301/LABIAL-LIQUIDO-CREMOSO-SAMY---4.jpg
179997,Labial Liquido Cremoso Samy # 04.Mocha,157302,LABIO-4,179997,https://samycosmetics.vteximg.com.br/arquivos/ids/157302/LABIO-4.jpg
179996,Labial Liquido Cremoso Samy # 05.Amaretto,157303,LABIAL-LIQUIDO-CREMOSO-SAMY---5,179996,https://samycosmetics.vteximg.com.br/arquivos/ids/157303/LABIAL-LIQUIDO-CREMOSO-SAMY---5.jpg
179996,Labial Liquido Cremoso Samy # 05.Amaretto,157304,LABIO-TONO5,179996,https://samycosmetics.vteximg.com.br/arquivos/ids/157304/LABIO-TONO5.jpg
179995,Labial Liquido Cremoso Samy # 06.Espresso,157305,LABIAL-LIQUIDO-CREMOSO-SAMY---6,179995,https://samycosmetics.vteximg.com.br/arquivos/ids/157305/LABIAL-LIQUIDO-CREMOSO-SAMY---6.jpg
179995,Labial Liquido Cremoso Samy # 06.Espresso,157306,LABIO-TONO6,179995,https://samycosmetics.vteximg.com.br/arquivos/ids/157306/LABIO-TONO6.jpg
001024,Máscara De Pestañas Xtravagant Length Samy,157313,XTRAVAGANT-LENGTH-abierta,001024-,https://samycosmetics.vteximg.com.br/arquivos/ids/157313/XTRAVAGANT-LENGTH-abierta.png
001024,Máscara De Pestañas Xtravagant Length Samy,157312,XTRAVAGANT-LENGTH-producto,001024,https://samycosmetics.vteximg.com.br/arquivos/ids/157312/XTRAVAGANT-LENGTH-producto.png
020020,Esmalte Profesional Lasting Pro Samy # 358. Montecarlo,157390,ESMALTE-PROFESIONAL-SAMY---358,000000,https://samycosmetics.vteximg.com.br/arquivos/ids/157390/ESMALTE-PROFESIONAL-SAMY---358.jpg
020020,Esmalte Profesional Lasting Pro Samy # 358. Montecarlo,157391,ESMALTES-358-CUADRADA,ESMALTES-358-CUADRADA,https://samycosmetics.vteximg.com.br/arquivos/ids/157391/ESMALTES-358-CUADRADA.jpg
030030,Esmalte Profesional Lasting Pro Samy # 359. Kuala Lumpur,157392,ESMALTE-PROFESIONAL-SAMY---359,ESMALTE-PROFESIONAL-SAMY---359,https://samycosmetics.vteximg.com.br/arquivos/ids/157392/ESMALTE-PROFESIONAL-SAMY---359.jpg
030030,Esmalte Profesional Lasting Pro Samy # 359. Kuala Lumpur,157393,ESMALTES-359-CUADRADA,ESMALTES-359-CUADRADA,https://samycosmetics.vteximg.com.br/arquivos/ids/157393/ESMALTES-359-CUADRADA.jpg
050050,Esmalte Profesional Lasting Pro Samy # 361. Puebla,157397,ESMALTE-PROFESIONAL-SAMY---361,ESMALTE-PROFESIONAL-SAMY---361,https://samycosmetics.vteximg.com.br/arquivos/ids/157397/ESMALTE-PROFESIONAL-SAMY---361.jpg
050050,Esmalte Profesional Lasting Pro Samy # 361. Puebla,157396,ESMALTES-361-ENCUADRE,ESMALTES-361-ENCUADRE,https://samycosmetics.vteximg.com.br/arquivos/ids/157396/ESMALTES-361-ENCUADRE.jpg
060060,Esmalte Profesional Lasting Pro Samy # 362. Nigeria,157398,ESMALTE-PROFESIONAL-SAMY---362,ESMALTE-PROFESIONAL-SAMY---362,https://samycosmetics.vteximg.com.br/arquivos/ids/157398/ESMALTE-PROFESIONAL-SAMY---362.jpg
060060,Esmalte Profesional Lasting Pro Samy # 362. Nigeria,157399,ESMALTES-362-ENCUADRE,ESMALTES-362-ENCUADRE,https://samycosmetics.vteximg.com.br/arquivos/ids/157399/ESMALTES-362-ENCUADRE.jpg
039040,Paleta X 9 Sombras Compactas Samy # 05. Solstice,157405,PALETA-SOLS-TICE,039040-,https://samycosmetics.vteximg.com.br/arquivos/ids/157405/PALETA-SOLS-TICE.jpg
039040,Paleta X 9 Sombras Compactas Samy # 05. Solstice,157406,SWATCHES-SOLSTICE,039040,https://samycosmetics.vteximg.com.br/arquivos/ids/157406/SWATCHES-SOLSTICE.jpg
031009,Serum Para Labios Samy #01. Crystal Clear,157419,SERUM-PARA-LABIOS-SAMY---01.-CRYSTAL-CLEAR,031009,https://samycosmetics.vteximg.com.br/arquivos/ids/157419/SERUM-PARA-LABIOS-SAMY---01.-CRYSTAL-CLEAR.jpg
031010,Sérum Para Labios Samy #02. Crystal Pearl,157420,SERUM-PARA-LABIOS-SAMY---02.-CRYSTAL-PEARL,000000,https://samycosmetics.vteximg.com.br/arquivos/ids/157420/SERUM-PARA-LABIOS-SAMY---02.-CRYSTAL-PEARL.jpg
210045,Exfoliante Para Labios,157422,LIP-SCRUB-exfoliante,210045,https://samycosmetics.vteximg.com.br/arquivos/ids/157422/LIP-SCRUB-exfoliante.jpg
210045,Exfoliante Para Labios,157423,LANZAMIENTO-LIP-SCRUB-POST,3,https://samycosmetics.vteximg.com.br/arquivos/ids/157423/LANZAMIENTO-LIP-SCRUB-POST.jpg
062993,Agua Micelar Desmaquillante Samy Dermatológicamente Comprobada X 260 Ml,157437,AGUA-MICELAR-DESMAQUILLANTE-260-ml,1,https://samycosmetics.vteximg.com.br/arquivos/ids/157437/AGUA-MICELAR-DESMAQUILLANTE-260-ml.jpg
062992,Agua Micelar Desmaquillante Samy Dermatológicamente Comprobada X 125 Ml,157427,Agua-micelar-suave-125ml,062992,https://samycosmetics.vteximg.com.br/arquivos/ids/157427/Agua-micelar-suave-125ml.jpg
765433,Colección De Esmaltes Júpiter,157429,UÑAS-TODAS-web,000000,https://samycosmetics.vteximg.com.br/arquivos/ids/157429/UÑAS-TODAS-web.jpg
026456,Esmalte Profesional Lasting Pro Samy # 363. Asunción,157431,ESMALTE-PROFESIONAL-SAMY---363,026456,https://samycosmetics.vteximg.com.br/arquivos/ids/157431/ESMALTE-PROFESIONAL-SAMY---363.jpg
026457,Esmalte Profesional Lasting Pro Samy # 364. Fiyi,157433,ESMALTE-PROFESIONAL-LASTING-PRO-SAMY---364.-FIYI,026457,https://samycosmetics.vteximg.com.br/arquivos/ids/157433/ESMALTE-PROFESIONAL-LASTING-PRO-SAMY---364.-FIYI.jpg
026458,Esmalte Profesional Lasting Pro Samy # 365. Irán,157434,ESMALTE-PROFESIONAL-SAMY---365,026458,https://samycosmetics.vteximg.com.br/arquivos/ids/157434/ESMALTE-PROFESIONAL-SAMY---365.jpg
026459,Esmalte Profesional Lasting Pro Samy # 366. Guinea,157435,ESMALTE-PROFESIONAL-LASTING-PRO-SAMY---366.-GUINEA,026459,https://samycosmetics.vteximg.com.br/arquivos/ids/157435/ESMALTE-PROFESIONAL-LASTING-PRO-SAMY---366.-GUINEA.jpg
22222222,Esmalte Profesional Lasting Pro Samy # 367. Libia,157436,ESMALTE-PROFESIONAL-SAMY---367,026460,https://samycosmetics.vteximg.com.br/arquivos/ids/157436/ESMALTE-PROFESIONAL-SAMY---367.jpg
021962,Tónico Facial Revitalizante Samy,158493,Tonico-Revitalizante,Tonico-Revitalizante,https://samycosmetics.vteximg.com.br/arquivos/ids/158493/Tonico-Revitalizante.jpg
220804,Sérum Revitalizante X 30Ml,157445,SERUM-REVIATLIZANTE-30-ML-SAMY,220804,https://samycosmetics.vteximg.com.br/arquivos/ids/157445/SERUM-REVIATLIZANTE-30-ML-SAMY.jpg
000071,Empaque Especial Pride,157446,caja-2,000000,https://samycosmetics.vteximg.com.br/arquivos/ids/157446/caja-2.jpg
000071,Empaque Especial Pride,157447,caja-3,caja-3,https://samycosmetics.vteximg.com.br/arquivos/ids/157447/caja-3.jpg
001700,Mascarilla Para Labios Samy,157453,LIP-MASK-PRODUCTO,001700,https://samycosmetics.vteximg.com.br/arquivos/ids/157453/LIP-MASK-PRODUCTO.jpg
026461,Esmalte Para Uñas Lasting Pro Samy # 368. Perú,157467,ESMALTE-PROFESIONAL-LASTING-PRO-SAMY---368,000000,https://samycosmetics.vteximg.com.br/arquivos/ids/157467/ESMALTE-PROFESIONAL-LASTING-PRO-SAMY---368.png
026461,Esmalte Para Uñas Lasting Pro Samy # 368. Perú,157468,ESMALTE-PROFESIONAL-LASTING-PRO-SAMY---368,000000,https://samycosmetics.vteximg.com.br/arquivos/ids/157468/ESMALTE-PROFESIONAL-LASTING-PRO-SAMY---368.png
0264620000,Esmalte Para Uñas Lasting Pro Samy # 369. Malasia,157469,ESMALTE-PROFESIONAL-SAMY---369,000000,https://samycosmetics.vteximg.com.br/arquivos/ids/157469/ESMALTE-PROFESIONAL-SAMY---369.png
02646300,Esmalte Para Uñas Lasting Pro Samy # 370. Brujas,157470,ESMALTE-PROFESIONAL-SAMY---370-BRUJAS,000000,https://samycosmetics.vteximg.com.br/arquivos/ids/157470/ESMALTE-PROFESIONAL-SAMY---370-BRUJAS.png
026464,Esmalte Para Uñas Lasting Pro Samy # 371. Islas Salomón,157471,ESMALTE-PROFESIONAL-SAMY---371,000000,https://samycosmetics.vteximg.com.br/arquivos/ids/157471/ESMALTE-PROFESIONAL-SAMY---371.png
026465,Esmalte Para Uñas Lasting Pro Samy # 372. China,157472,ESMALTE-PROFESIONAL-SAMY---372,000000,https://samycosmetics.vteximg.com.br/arquivos/ids/157472/ESMALTE-PROFESIONAL-SAMY---372.png
021006,Corrector Líquido Samy #1.0 Light,157480,TONO-1.0-LIGHT,021006,https://samycosmetics.vteximg.com.br/arquivos/ids/157480/TONO-1.0-LIGHT.jpg
021006,Corrector Líquido Samy #1.0 Light,157485,MANO-TONO-1,021006,https://samycosmetics.vteximg.com.br/arquivos/ids/157485/MANO-TONO-1.jpg
021006,Corrector Líquido Samy #1.0 Light,157494,TONO-1,000000,https://samycosmetics.vteximg.com.br/arquivos/ids/157494/TONO-1.jpg
021007,Corrector Líquido Samy #2.0 Beige,157481,TONO-2.0-BEIGE,000000,https://samycosmetics.vteximg.com.br/arquivos/ids/157481/TONO-2.0-BEIGE.jpg
021007,Corrector Líquido Samy #2.0 Beige,157486,MANO-TONO-2,000000,https://samycosmetics.vteximg.com.br/arquivos/ids/157486/MANO-TONO-2.jpg
021007,Corrector Líquido Samy #2.0 Beige,157487,TONO-2,000000,https://samycosmetics.vteximg.com.br/arquivos/ids/157487/TONO-2.jpg
021008,Corrector Líquido Samy #3.0 Tan,157482,TONO-3.0-TAN,000000,https://samycosmetics.vteximg.com.br/arquivos/ids/157482/TONO-3.0-TAN.jpg
021008,Corrector Líquido Samy #3.0 Tan,157488,MANO-TONO-3,000000,https://samycosmetics.vteximg.com.br/arquivos/ids/157488/MANO-TONO-3.jpg
021008,Corrector Líquido Samy #3.0 Tan,157489,TONO-3,000000,https://samycosmetics.vteximg.com.br/arquivos/ids/157489/TONO-3.jpg
021009,Corrector Líquido Samy #4.0 Deep Tan,157483,TONO-4.0-DEEP-TAN,000000,https://samycosmetics.vteximg.com.br/arquivos/ids/157483/TONO-4.0-DEEP-TAN.jpg
021009,Corrector Líquido Samy #4.0 Deep Tan,157490,MANO-TONO-4,000000,https://samycosmetics.vteximg.com.br/arquivos/ids/157490/MANO-TONO-4.jpg
021009,Corrector Líquido Samy #4.0 Deep Tan,157491,TONO-4,000000,https://samycosmetics.vteximg.com.br/arquivos/ids/157491/TONO-4.jpg
021010,Corrector Líquido Samy #5.0 Rich,157484,TONO-5.0-RICH,000000,https://samycosmetics.vteximg.com.br/arquivos/ids/157484/TONO-5.0-RICH.jpg
021010,Corrector Líquido Samy #5.0 Rich,157492,MANO-TONO-5,000000,https://samycosmetics.vteximg.com.br/arquivos/ids/157492/MANO-TONO-5.jpg
021010,Corrector Líquido Samy #5.0 Rich,157493,TONO-5,000000,https://samycosmetics.vteximg.com.br/arquivos/ids/157493/TONO-5.jpg
021011,Corrector Líquido Samy #6.0 Naranja - Orange,157773,FOTO-PRODUCTO-naranja-tono-5,Corrector-liquido-naranja,https://samycosmetics.vteximg.com.br/arquivos/ids/157773/FOTO-PRODUCTO-naranja-tono-5.jpg
614611,Colección De Esmaltes Marte,157523,FOTO-MANO-ESMALTES-NEW,coleccion-,https://samycosmetics.vteximg.com.br/arquivos/ids/157523/FOTO-MANO-ESMALTES-NEW.jpg
026467,Esmalte Para Uñas Lasting Pro Samy # 374. Praga,157526,374,000000,https://samycosmetics.vteximg.com.br/arquivos/ids/157526/374.png
02646999999,Esmalte Para Uñas Lasting Pro Samy # 376. Sofía,157533,376,esmalte-dorado,https://samycosmetics.vteximg.com.br/arquivos/ids/157533/376.png
049030,Rubor Cremoso Samy # 01. Summer Bomb,157544,Rubor-cremoso-tono-1,000000,https://samycosmetics.vteximg.com.br/arquivos/ids/157544/Rubor-cremoso-tono-1.png
049030,Rubor Cremoso Samy # 01. Summer Bomb,157552,RUBOR-CREMOSO-CAJA,RUBOR-CREMOSO-CAJA,https://samycosmetics.vteximg.com.br/arquivos/ids/157552/RUBOR-CREMOSO-CAJA.jpg
049031,Rubor Cremoso Samy # 02. Cotton Candy,157545,Rubor-cremoso-tono-2,000000,https://samycosmetics.vteximg.com.br/arquivos/ids/157545/Rubor-cremoso-tono-2.png
049031,Rubor Cremoso Samy # 02. Cotton Candy,157553,RUBOR-CREMOSO-CAJA,RUBOR-CREMOSO-CAJA,https://samycosmetics.vteximg.com.br/arquivos/ids/157553/RUBOR-CREMOSO-CAJA.jpg
049032,Rubor Cremoso Samy # 03. Rose Cake,157546,Rubor-cremoso-tono-3,000000,https://samycosmetics.vteximg.com.br/arquivos/ids/157546/Rubor-cremoso-tono-3.png
049032,Rubor Cremoso Samy # 03. Rose Cake,157555,RUBOR-CREMOSO-CAJA,RUBOR-CREMOSO-CAJA,https://samycosmetics.vteximg.com.br/arquivos/ids/157555/RUBOR-CREMOSO-CAJA.jpg
049033,Rubor Cremoso Samy # 04. Gold Milkshake,157547,Rubor-cremoso-tono-4,000000,https://samycosmetics.vteximg.com.br/arquivos/ids/157547/Rubor-cremoso-tono-4.png
049033,Rubor Cremoso Samy # 04. Gold Milkshake,157556,RUBOR-CREMOSO-CAJA,RUBOR-CREMOSO-CAJA,https://samycosmetics.vteximg.com.br/arquivos/ids/157556/RUBOR-CREMOSO-CAJA.jpg
049034,Rubor Cremoso Samy # 05. Raspberry Macaron,157551,Rubor-cremoso-tono-5,000000,https://samycosmetics.vteximg.com.br/arquivos/ids/157551/Rubor-cremoso-tono-5.jpg
049034,Rubor Cremoso Samy # 05. Raspberry Macaron,157557,RUBOR-CREMOSO-CAJA,RUBOR-CREMOSO-CAJA,https://samycosmetics.vteximg.com.br/arquivos/ids/157557/RUBOR-CREMOSO-CAJA.jpg
000208,F5 - Brocha para corrector,158994,brocha-para-corrector-1200-x-1200,brocha-para-corrector-1200-x-1200,https://samycosmetics.vteximg.com.br/arquivos/ids/158994/brocha-para-corrector-1200-x-1200.jpg
000208,F5 - Brocha para corrector,158995,brocha-para-corrector-F5,brocha-para-corrector-F5,https://samycosmetics.vteximg.com.br/arquivos/ids/158995/brocha-para-corrector-F5.jpg
022006,Base Líquida Samy Matificante # 1.0 Light,157563,BASE-LIQUIDA-MATE-TONO-1,022006,https://samycosmetics.vteximg.com.br/arquivos/ids/157563/BASE-LIQUIDA-MATE-TONO-1.jpg
022007,Base Líquida Samy Matificante # 2.0 Beige,157564,BASE-LIQUIDA-MATE-TONO-2,022007,https://samycosmetics.vteximg.com.br/arquivos/ids/157564/BASE-LIQUIDA-MATE-TONO-2.jpg
022008,Base Líquida Samy Matificante # 3.0 Medium,157565,BASE-LIQUIDA-MATE-TONO-3,022008,https://samycosmetics.vteximg.com.br/arquivos/ids/157565/BASE-LIQUIDA-MATE-TONO-3.jpg
022009,Base Líquida Samy Matificante # 5.0 Tan,157568,BASE-LIQUIDA-MATE-TONO-5,022009,https://samycosmetics.vteximg.com.br/arquivos/ids/157568/BASE-LIQUIDA-MATE-TONO-5.jpg
022010,Base Líquida Samy Matificante # 6.0 Deep Tan,157569,BASE-LIQUIDA-MATE-TONO-6,022010,https://samycosmetics.vteximg.com.br/arquivos/ids/157569/BASE-LIQUIDA-MATE-TONO-6.jpg
004199,Máscara De Pestañas Volume Lash,157570,PESTAÑINA-VOLUME-LASH-PARA-WEB,004199,https://samycosmetics.vteximg.com.br/arquivos/ids/157570/PESTAÑINA-VOLUME-LASH-PARA-WEB.jpg
132003,F1 - Brocha Para Base Samy,157571,FOTO-PRODUCTO-BROCHA-F1,132036,https://samycosmetics.vteximg.com.br/arquivos/ids/157571/FOTO-PRODUCTO-BROCHA-F1.jpg
132004,F2 - Brocha Para Polvo Samy,157572,FOTO-PRODUCTO-BROCHA-F2,132004,https://samycosmetics.vteximg.com.br/arquivos/ids/157572/FOTO-PRODUCTO-BROCHA-F2.jpg
132005,F3 - Brocha Angular Para Rostro Samy,157573,FOTO-PRODUCTO-BROCHA-F3,132006,https://samycosmetics.vteximg.com.br/arquivos/ids/157573/FOTO-PRODUCTO-BROCHA-F3.jpg
212321,F4 - Brocha Para Iluminador Samy,157575,FOTO-PRODUCTO-BROCHA-F4,132006,https://samycosmetics.vteximg.com.br/arquivos/ids/157575/FOTO-PRODUCTO-BROCHA-F4.jpg
132006,F4 - Brocha Para Iluminador Samy,157574,FOTO-PRODUCTO-BROCHA-F4,FOTO-PRODUCTO-BROCHA-F4,https://samycosmetics.vteximg.com.br/arquivos/ids/157574/FOTO-PRODUCTO-BROCHA-F4.jpg
132007,E1 - Brocha Para Difuminar Samy,157576,FOTO-PRODUCTO-BROCHA-E1,132007,https://samycosmetics.vteximg.com.br/arquivos/ids/157576/FOTO-PRODUCTO-BROCHA-E1.jpg
000176,Contorno de ojos revitalizante Samy,159038,crema-contorno-de-ojos,crema-contorno-de-ojos,https://samycosmetics.vteximg.com.br/arquivos/ids/159038/crema-contorno-de-ojos.jpg
000176,Contorno de ojos revitalizante Samy,159039,caja-ladeada,caja-ladeada,https://samycosmetics.vteximg.com.br/arquivos/ids/159039/caja-ladeada.jpg
000176,Contorno de ojos revitalizante Samy,159040,Contorno-de-ojos-Web-01,Contorno-de-ojos-Web-01,https://samycosmetics.vteximg.com.br/arquivos/ids/159040/Contorno-de-ojos-Web-01.jpg
000176,Contorno de ojos revitalizante Samy,159041,Contorno-de-ojos-Web-02,Contorno-de-ojos-Web-02,https://samycosmetics.vteximg.com.br/arquivos/ids/159041/Contorno-de-ojos-Web-02.jpg
132009,E3 - Brocha Angular Para Sombra Samy,157578,FOTO-PRODUCTO-BROCHA-E3,132009,https://samycosmetics.vteximg.com.br/arquivos/ids/157578/FOTO-PRODUCTO-BROCHA-E3.jpg
132010,E4 - Brocha Lengua De Gato Samy,157579,FOTO-PRODUCTO-BROCHA-E4,000000,https://samycosmetics.vteximg.com.br/arquivos/ids/157579/FOTO-PRODUCTO-BROCHA-E4.jpg
456545,E4 - Brocha Lengua De Gato Samy,157581,FOTO-PRODUCTO-BROCHA-E4,132010,https://samycosmetics.vteximg.com.br/arquivos/ids/157581/FOTO-PRODUCTO-BROCHA-E4.jpg
132011,E5 - Brocha Para Sombra Samy,157580,FOTO-PRODUCTO-BROCHA-E5,132011,https://samycosmetics.vteximg.com.br/arquivos/ids/157580/FOTO-PRODUCTO-BROCHA-E5.jpg
132012,B1 - Brocha Para Cejas Samy,157582,FOTO-PRODUCTO-BROCHA-B1,132012,https://samycosmetics.vteximg.com.br/arquivos/ids/157582/FOTO-PRODUCTO-BROCHA-B1.jpg
132008,E2 - Brocha Pequeña Para Difuminar Samy,157583,FOTO-PRODUCTO-BROCHA-E2,132008,https://samycosmetics.vteximg.com.br/arquivos/ids/157583/FOTO-PRODUCTO-BROCHA-E2.jpg
001078,Caja De Regalo Rosada Samy,157588,foto-de-producto1,001079,https://samycosmetics.vteximg.com.br/arquivos/ids/157588/foto-de-producto1.jpg
001078,Caja De Regalo Rosada Samy,157589,foto-de-producto,001079,https://samycosmetics.vteximg.com.br/arquivos/ids/157589/foto-de-producto.jpg
001919,Mascarilla De Arcilla Anti-Imperfecciones Byphasse,157590,CLAY-MASK-ANTI-IMPERFECTIONS-COMBINATION-TO-OILY-SKIN-150ML-PRODUCT-NO-SHADOW,001919,https://samycosmetics.vteximg.com.br/arquivos/ids/157590/CLAY-MASK-ANTI-IMPERFECTIONS-COMBINATION-TO-OILY-SKIN-150ML-PRODUCT-NO-SHADOW.jpg
001918,Mascarilla De Arcilla Purificante Byphasse,157591,CLAY-MASK-PURIFYING-ALL-SKIN-TYPES-150ML-PRODUCT-NO-SHADOW,001918,https://samycosmetics.vteximg.com.br/arquivos/ids/157591/CLAY-MASK-PURIFYING-ALL-SKIN-TYPES-150ML-PRODUCT-NO-SHADOW.jpg
001917,Exfoliante Facial Byphasse,157592,HOME-SPA-EXPERIENCE-PURIFYING-FACE-SCRUB-COMBINATION-TO-OILY-SKIN-150ML-PRODUCT-NO-SHADOW,001917,https://samycosmetics.vteximg.com.br/arquivos/ids/157592/HOME-SPA-EXPERIENCE-PURIFYING-FACE-SCRUB-COMBINATION-TO-OILY-SKIN-150ML-PRODUCT-NO-SHADOW.jpg
001917,Exfoliante Facial Byphasse,157593,HOME-SPA-EXPERIENCE-PURIFYING-FACE-SCRUB-COMBINATION-TO-OILY-SKIN-150ML-PRODUCT-NO-SHADOW,001917,https://samycosmetics.vteximg.com.br/arquivos/ids/157593/HOME-SPA-EXPERIENCE-PURIFYING-FACE-SCRUB-COMBINATION-TO-OILY-SKIN-150ML-PRODUCT-NO-SHADOW.jpg
001916,Fijador De Maquillaje Byphasse,157594,FIX-MAKE-UP-ALL-SKIN-TYPES-150ML-PRODUCT-NO-SHADOW,001916,https://samycosmetics.vteximg.com.br/arquivos/ids/157594/FIX-MAKE-UP-ALL-SKIN-TYPES-150ML-PRODUCT-NO-SHADOW.jpg
000211,F8- Brocha Kabuki para el rostro,159001,brocha-kabuki-1200-x-1200,brocha-kabuki-1200-x-1200,https://samycosmetics.vteximg.com.br/arquivos/ids/159001/brocha-kabuki-1200-x-1200.jpg
000211,F8- Brocha Kabuki para el rostro,159002,brocha-kabuki-F8,brocha-kabuki-F8,https://samycosmetics.vteximg.com.br/arquivos/ids/159002/brocha-kabuki-F8.jpg
260021,Esponja De Maquillaje X1 Und,159432,esponja de maquillaje individual,esponja de maquillaje individual,https://samycosmetics.vteximg.com.br/arquivos/ids/159432/esponja de maquillaje individual.jpg
001915,Sérum Facial Reafirmante N2 Byphasse,157598,SORBET-SERUM-LIFTING-Nº-2-50ML-PRODUCT-NO-SHADOW,001915,https://samycosmetics.vteximg.com.br/arquivos/ids/157598/SORBET-SERUM-LIFTING-Nº-2-50ML-PRODUCT-NO-SHADOW.jpg
001914,Sérum Facial Hidratante N1 Byphasse,157599,SORBET-SERUM-MOISTURIZING-Nº-1-50ML-PRODUCT-NO-SHADOW,001914,https://samycosmetics.vteximg.com.br/arquivos/ids/157599/SORBET-SERUM-MOISTURIZING-Nº-1-50ML-PRODUCT-NO-SHADOW.jpg
001913,Crema Iluminadora Con Vitamina C Byphasse,157600,ILLUMINATING-CREAM-VITAMIN-C-SKIN-BOOSTER-50-ML-PRODUCT-NO-SHADOW,001913,https://samycosmetics.vteximg.com.br/arquivos/ids/157600/ILLUMINATING-CREAM-VITAMIN-C-SKIN-BOOSTER-50-ML-PRODUCT-NO-SHADOW.jpg
001913,Crema Iluminadora Con Vitamina C Byphasse,157601,ILLUMINATING-CREAM-VITAMINC-SKIN-BOOSTER-50-ML-PRODUCT-BOX,001913,https://samycosmetics.vteximg.com.br/arquivos/ids/157601/ILLUMINATING-CREAM-VITAMINC-SKIN-BOOSTER-50-ML-PRODUCT-BOX.jpg
001912,Crema Antimanchas Con Niacinamida Byphasse,157602,ANTI-DARK-SPOTS-CREAM-NIACINAMIDE-SKIN-BOSTER-50ML-PRODUCT-NO-SHADOW,001912,https://samycosmetics.vteximg.com.br/arquivos/ids/157602/ANTI-DARK-SPOTS-CREAM-NIACINAMIDE-SKIN-BOSTER-50ML-PRODUCT-NO-SHADOW.jpg
001912,Crema Antimanchas Con Niacinamida Byphasse,157603,ANTI-DARK-SPOTS-CREAM-NIACINAMIDE-SKIN-BOSTER-50ML-PRODUCT-BOX,001912,https://samycosmetics.vteximg.com.br/arquivos/ids/157603/ANTI-DARK-SPOTS-CREAM-NIACINAMIDE-SKIN-BOSTER-50ML-PRODUCT-BOX.jpg
001911,Crema Antiarrugas Con Retinol Byphasse,157604,ANTI-WRINKLE-CREAM-RETINOL-SKIN-BOOSTER-50ML-PRODUCT-NO-SHADOW,001911,https://samycosmetics.vteximg.com.br/arquivos/ids/157604/ANTI-WRINKLE-CREAM-RETINOL-SKIN-BOOSTER-50ML-PRODUCT-NO-SHADOW.jpg
001911,Crema Antiarrugas Con Retinol Byphasse,157605,ANTI-WRINKLE-CREAM-RETINOL-SKIN-BOOSTER-50ML-PRODUCT-BOX,001911,https://samycosmetics.vteximg.com.br/arquivos/ids/157605/ANTI-WRINKLE-CREAM-RETINOL-SKIN-BOOSTER-50ML-PRODUCT-BOX.jpg
001910,Gel Contorno De Ojos Q10 Byphasse,157606,LIFT-INSTANT-Q10-EYE-CONTOUR-GEL-CREAM-20ML-PRODUCT-NO-SHADOW,001910,https://samycosmetics.vteximg.com.br/arquivos/ids/157606/LIFT-INSTANT-Q10-EYE-CONTOUR-GEL-CREAM-20ML-PRODUCT-NO-SHADOW.jpg
001910,Gel Contorno De Ojos Q10 Byphasse,157607,LIFT-INSTANT-Q10-EYE-CONTOUR-GEL-CREAM-20ML-PRODUCT-BOX-SHADOW-FULL,001910,https://samycosmetics.vteximg.com.br/arquivos/ids/157607/LIFT-INSTANT-Q10-EYE-CONTOUR-GEL-CREAM-20ML-PRODUCT-BOX-SHADOW-FULL.jpg
001909,Crema De Dia Con Q10 Y Acido Hialurónico Byphasse,157608,LIFT-INSTANT-Q10-DAY-CREAM-60ML-PRODUCT-NO-SHADOW,001909,https://samycosmetics.vteximg.com.br/arquivos/ids/157608/LIFT-INSTANT-Q10-DAY-CREAM-60ML-PRODUCT-NO-SHADOW.jpg
001909,Crema De Dia Con Q10 Y Acido Hialurónico Byphasse,157610,LIFT-INSTANT-Q10-DAY-CREAM-60ML-PRODUCT-BOX-SHADOW-FULL,001909,https://samycosmetics.vteximg.com.br/arquivos/ids/157610/LIFT-INSTANT-Q10-DAY-CREAM-60ML-PRODUCT-BOX-SHADOW-FULL.jpg
001908,Crema De Noche Con Q10 Y Ácido Hialurónico Byphasse,157611,LIFT-INSTANT-Q10-NIGHT-CREAM-60ML-PRODUCT-NO-SHADOW,001908,https://samycosmetics.vteximg.com.br/arquivos/ids/157611/LIFT-INSTANT-Q10-NIGHT-CREAM-60ML-PRODUCT-NO-SHADOW.jpg
001908,Crema De Noche Con Q10 Y Ácido Hialurónico Byphasse,157612,LIFT-INSTANT-Q10-NIGHT-CREAM-60ML-PRODUCT-BOX-SHADOW-FULL,001908,https://samycosmetics.vteximg.com.br/arquivos/ids/157612/LIFT-INSTANT-Q10-NIGHT-CREAM-60ML-PRODUCT-BOX-SHADOW-FULL.jpg
001907,Tónico Facial Suave Con Agua De Rosas Byphasse,157613,GENTLE-TONING-LOTION-WITH-ROSE-WATER-ALL-SKIN-TYPES-500ML-PRODUCT-NO-SHADOW,001907,https://samycosmetics.vteximg.com.br/arquivos/ids/157613/GENTLE-TONING-LOTION-WITH-ROSE-WATER-ALL-SKIN-TYPES-500ML-PRODUCT-NO-SHADOW.jpg
001906,Solución Micelar Desmaquillante Bifásica Byphasse,157614,MICELLAR-MAKE-UP-REMOVER-SOLUTION-BIPHASIC-WATERPROOF-500ML-PRODUCT-NO-SHADOW,001906,https://samycosmetics.vteximg.com.br/arquivos/ids/157614/MICELLAR-MAKE-UP-REMOVER-SOLUTION-BIPHASIC-WATERPROOF-500ML-PRODUCT-NO-SHADOW.jpg
001905,Solución Micelar Desmaquillante Con Carbón Activado Byphasse,157615,MICELLAR-MAKE-UP-REMOVER-SOLUTION-ACTIVATED-CHARCOAL-DETOX-500ML-PRODUCT-NO-SHADOW,000000,https://samycosmetics.vteximg.com.br/arquivos/ids/157615/MICELLAR-MAKE-UP-REMOVER-SOLUTION-ACTIVATED-CHARCOAL-DETOX-500ML-PRODUCT-NO-SHADOW.jpg
001904,Solución Micelar Desmaquillante Piel Sensible Byphasse,157616,MICELLAR-MAKE-UP-REMOVER-SOLUTION-SENSITIVE-DRY-OR-IRRITABLE-SKIN-500ML-PRODUCT-NO-SHADOW,001904,https://samycosmetics.vteximg.com.br/arquivos/ids/157616/MICELLAR-MAKE-UP-REMOVER-SOLUTION-SENSITIVE-DRY-OR-IRRITABLE-SKIN-500ML-PRODUCT-NO-SHADOW.jpg
001903,Gel Facial Desmaquillante Byphasse,157619,PURIFYING-CLEANSING-GEL-ALL-SKIN-TYPES-200ML-PRODUCT-NO-SHADOW,001903,https://samycosmetics.vteximg.com.br/arquivos/ids/157619/PURIFYING-CLEANSING-GEL-ALL-SKIN-TYPES-200ML-PRODUCT-NO-SHADOW.jpg
001902,Protector Capilar Con Keratina Liquida Byphasse,157620,SUBLIM-PROTECT-LIQUID-KERATIN-DRY-HAIR-250ML-PRODUCT-NO-SHADOW,001902,https://samycosmetics.vteximg.com.br/arquivos/ids/157620/SUBLIM-PROTECT-LIQUID-KERATIN-DRY-HAIR-250ML-PRODUCT-NO-SHADOW.jpg
001901,Mascarilla Capilar Con Keratina Byphasse,157622,SUBLIM-PROTECT-HAIR-MASK-KERATIN-DRY-HAIR-250ML-PRODUCT-NO-SHADOW,001901,https://samycosmetics.vteximg.com.br/arquivos/ids/157622/SUBLIM-PROTECT-HAIR-MASK-KERATIN-DRY-HAIR-250ML-PRODUCT-NO-SHADOW.jpg
001900,Shampoo Con Keratina Byphasse,157623,SUBLIM-PROTECT-SHAMPOO-KERATIN-DRY-HAIR-520ML-PRODUCT-NO-SHADOW,001900,https://samycosmetics.vteximg.com.br/arquivos/ids/157623/SUBLIM-PROTECT-SHAMPOO-KERATIN-DRY-HAIR-520ML-PRODUCT-NO-SHADOW.jpg
132000,Set De Brochas X 10 Und Samy,157627,TODAS-LAS-BROCHAS-_Mesa-de-trabajo-1,132000,https://samycosmetics.vteximg.com.br/arquivos/ids/157627/TODAS-LAS-BROCHAS-_Mesa-de-trabajo-1.jpg
132000,Set De Brochas X 10 Und Samy,157628,TODAS-LAS-BROCHAS-,132000,https://samycosmetics.vteximg.com.br/arquivos/ids/157628/TODAS-LAS-BROCHAS-.jpg
132000,Set De Brochas X 10 Und Samy,157629,TODAS-LAS-BROCHAS-2,132000,https://samycosmetics.vteximg.com.br/arquivos/ids/157629/TODAS-LAS-BROCHAS-2.jpg
132000,Set De Brochas X 10 Und Samy,157630,TODAS-LAS-BROCHAS-_Mesa-de-trabajo-1-copia-4,132000,https://samycosmetics.vteximg.com.br/arquivos/ids/157630/TODAS-LAS-BROCHAS-_Mesa-de-trabajo-1-copia-4.jpg
064999,Gel para cejas y pestañas Samy,157632,GEL-PARA-CEJAS-Y-PESTAÑAS,064999,https://samycosmetics.vteximg.com.br/arquivos/ids/157632/GEL-PARA-CEJAS-Y-PESTAÑAS.jpg
031012,Sérum Para Labios Samy #03. Crystal Red,157652,SERUM-PARA-LABIOS-SAMY---03.-CRYSTAL-RED,031012,https://samycosmetics.vteximg.com.br/arquivos/ids/157652/SERUM-PARA-LABIOS-SAMY---03.-CRYSTAL-RED.jpg
037003,Polvo Suelto Banana Samy,157653,POLVO-SUELTO-BANANA,037003,https://samycosmetics.vteximg.com.br/arquivos/ids/157653/POLVO-SUELTO-BANANA.jpg
039044,Paleta X 9 Sombras De Ojos Samy # 09. Rose,157661,PALETA-X-9-ROSE,039044,https://samycosmetics.vteximg.com.br/arquivos/ids/157661/PALETA-X-9-ROSE.jpg
039044,Paleta X 9 Sombras De Ojos Samy # 09. Rose,157662,MAQUILLAJE-PALETA-ROSE-encuadre,039044,https://samycosmetics.vteximg.com.br/arquivos/ids/157662/MAQUILLAJE-PALETA-ROSE-encuadre.jpg
039043,Paleta X 9 Sombras De Ojos Samy # 08. Bronze,157663,PALETA-X-9-BRONZE,039043,https://samycosmetics.vteximg.com.br/arquivos/ids/157663/PALETA-X-9-BRONZE.jpg
039043,Paleta X 9 Sombras De Ojos Samy # 08. Bronze,157664,MAQUILLAJE-PALETA-BRONZE-encuadre,039043,https://samycosmetics.vteximg.com.br/arquivos/ids/157664/MAQUILLAJE-PALETA-BRONZE-encuadre.jpg
54225874878,Paleta X 9 Sombras De Ojos Samy # 07. Nude,157666,PALETA-X-9-NUDE,000000,https://samycosmetics.vteximg.com.br/arquivos/ids/157666/PALETA-X-9-NUDE.jpg
54225874878,Paleta X 9 Sombras De Ojos Samy # 07. Nude,157667,MAQUILLAJE-PALETA-NUDE-encuadre,000000,https://samycosmetics.vteximg.com.br/arquivos/ids/157667/MAQUILLAJE-PALETA-NUDE-encuadre.jpg
039042,Paleta X 9 Sombras De Ojos Samy # 07. Nude,157668,PALETA-X-9-NUDE,039042,https://samycosmetics.vteximg.com.br/arquivos/ids/157668/PALETA-X-9-NUDE.jpg
039042,Paleta X 9 Sombras De Ojos Samy # 07. Nude,157669,MAQUILLAJE-PALETA-NUDE-encuadre,039042,https://samycosmetics.vteximg.com.br/arquivos/ids/157669/MAQUILLAJE-PALETA-NUDE-encuadre.jpg
007118,Caja Sorpresa Edición Especial Samy,158216,FOTO-CAJA-DIA-DE-LA-MUJER-WEB-.jpg,FOTO-CAJA-DIA-DE-LA-MUJER-WEB-.jpg,https://samycosmetics.vteximg.com.br/arquivos/ids/158216/FOTO-CAJA-DIA-DE-LA-MUJER-WEB-.jpg.jpg
007118,Caja Sorpresa Edición Especial Samy,158217,FOTO2-CAJA-DIA-DE-LA-MUJER-WEB-.jpg,FOTO2-CAJA-DIA-DE-LA-MUJER-WEB-.jpg,https://samycosmetics.vteximg.com.br/arquivos/ids/158217/FOTO2-CAJA-DIA-DE-LA-MUJER-WEB-.jpg.jpg
007118,Caja Sorpresa Edición Especial Samy,158218,FOTO3-CAJA-DIA-DE-LA-MUJER-WEB-.jpg,FOTO3-CAJA-DIA-DE-LA-MUJER-WEB-.jpg,https://samycosmetics.vteximg.com.br/arquivos/ids/158218/FOTO3-CAJA-DIA-DE-LA-MUJER-WEB-.jpg.jpg
032020,Brillo Voluminizador De Labios Samy # 01. Pinky Plump,157679,LIP-PLUMP-PRODUCTO,032020,https://samycosmetics.vteximg.com.br/arquivos/ids/157679/LIP-PLUMP-PRODUCTO.jpg
032020,Brillo Voluminizador De Labios Samy # 01. Pinky Plump,157681,LABIOS-1,032020,https://samycosmetics.vteximg.com.br/arquivos/ids/157681/LABIOS-1.jpg
032020,Brillo Voluminizador De Labios Samy # 01. Pinky Plump,157682,LABIOS-2,032020,https://samycosmetics.vteximg.com.br/arquivos/ids/157682/LABIOS-2.jpg
000123,Brillo Voluminizador De Labios Samy #02 Candy Plump,158678,LIP-PLUM--02-CANDY-PLUMP-cerrado-1200-x-1200,LIP-PLUM--02-CANDY-PLUMP-cerrado-1200-x-1200,https://samycosmetics.vteximg.com.br/arquivos/ids/158678/LIP-PLUM--02-CANDY-PLUMP-cerrado-1200-x-1200.jpg
000123,Brillo Voluminizador De Labios Samy #02 Candy Plump,158679,LIP-PLUM--02-CANDY-PLUMP-1200-x-1200,LIP-PLUM--02-CANDY-PLUMP-1200-x-1200,https://samycosmetics.vteximg.com.br/arquivos/ids/158679/LIP-PLUM--02-CANDY-PLUMP-1200-x-1200.jpg
000124,Brillo Voluminizador De Labios Samy #03 Sugar Plump,158680,LIP-PLUM--03-SUGAR-PLUMP-cerrado-1200-x-1200,LIP-PLUM--03-SUGAR-PLUMP-cerrado-1200-x-1200,https://samycosmetics.vteximg.com.br/arquivos/ids/158680/LIP-PLUM--03-SUGAR-PLUMP-cerrado-1200-x-1200.jpg
000124,Brillo Voluminizador De Labios Samy #03 Sugar Plump,158681,LIP-PLUM--03-SUGAR-PLUMP-1200-x-1200,LIP-PLUM--03-SUGAR-PLUMP-1200-x-1200,https://samycosmetics.vteximg.com.br/arquivos/ids/158681/LIP-PLUM--03-SUGAR-PLUMP-1200-x-1200.jpg
000125,Brillo Voluminizador De Labios Samy #04 Caramel Plump,158682,LIP-PLUM--04-CARAMEL-PLUMP-cerrado-1200-x-1200,LIP-PLUM--04-CARAMEL-PLUMP-cerrado-1200-x-1200,https://samycosmetics.vteximg.com.br/arquivos/ids/158682/LIP-PLUM--04-CARAMEL-PLUMP-cerrado-1200-x-1200.jpg
000125,Brillo Voluminizador De Labios Samy #04 Caramel Plump,158683,LIP-PLUM--04-CARAMEL-PLUMP-1200-x-1200,LIP-PLUM--04-CARAMEL-PLUMP-1200-x-1200,https://samycosmetics.vteximg.com.br/arquivos/ids/158683/LIP-PLUM--04-CARAMEL-PLUMP-1200-x-1200.jpg
000126,Brillo Voluminizador De Labios Samy #05 Cherry Plump,158684,LIP-PLUM--05-CHERRY-PLUMP-cerrado-1200-x-1200,LIP-PLUM--05-CHERRY-PLUMP-cerrado-1200-x-1200,https://samycosmetics.vteximg.com.br/arquivos/ids/158684/LIP-PLUM--05-CHERRY-PLUMP-cerrado-1200-x-1200.jpg
000126,Brillo Voluminizador De Labios Samy #05 Cherry Plump,158685,LIP-PLUM--05-CHERRY-PLUMP-1200-x-1200,LIP-PLUM--05-CHERRY-PLUMP-1200-x-1200,https://samycosmetics.vteximg.com.br/arquivos/ids/158685/LIP-PLUM--05-CHERRY-PLUMP-1200-x-1200.jpg
113005,Delineador Automático De Labios Samy # 01. Nude,157695,DELINEADOR-DE-LABIOS-TONO-2-CANELA-PRODUCTO,DELINEADOR-DE-LABIOS-TONO-2-CANELA-PRODUCTO,https://samycosmetics.vteximg.com.br/arquivos/ids/157695/DELINEADOR-DE-LABIOS-TONO-2-CANELA-PRODUCTO.jpg
113006,Delineador Automático De Labios Samy # 02. Canela,157696,DELINEADOR-DE-LABIOS-TONO-1-NUDE-PRODUCTO,DELINEADOR-DE-LABIOS-TONO-1-NUDE-PRODUCTO,https://samycosmetics.vteximg.com.br/arquivos/ids/157696/DELINEADOR-DE-LABIOS-TONO-1-NUDE-PRODUCTO.jpg
113007,Delineador Automático De Labios Samy # 03. Palo De Rosa,157691,DELINEADOR-DE-LABIOS-TONO-3-PALO-DE-ROSA-PRODUCTO,DELINEADOR-DE-LABIOS-TONO-3-PALO-DE-ROSA-PRODUCTO,https://samycosmetics.vteximg.com.br/arquivos/ids/157691/DELINEADOR-DE-LABIOS-TONO-3-PALO-DE-ROSA-PRODUCTO.jpg
113009,Delineador Automático De Labios Samy # 05. Velvet,157692,DELINEADOR-DE-LABIOS-TONO-5-VELVET-PRODUCTO,DELINEADOR-DE-LABIOS-TONO-5-VELVET-PRODUCTO,https://samycosmetics.vteximg.com.br/arquivos/ids/157692/DELINEADOR-DE-LABIOS-TONO-5-VELVET-PRODUCTO.jpg
113008,Delineador Automático De Labios Samy # 04. Rosa,157697,DELINEADOR-DE-LABIOS-TONO-4-ROSA-PRODUCTO,DELINEADOR-DE-LABIOS-TONO-4-ROSA-PRODUCTO,https://samycosmetics.vteximg.com.br/arquivos/ids/157697/DELINEADOR-DE-LABIOS-TONO-4-ROSA-PRODUCTO.jpg
113010,Delineador Automático De Labios Samy # 06. Vino,157694,DELINEADOR-DE-LABIOS-TONO-6-VINO-PRODUCTO,DELINEADOR-DE-LABIOS-TONO-6-VINO-PRODUCTO,https://samycosmetics.vteximg.com.br/arquivos/ids/157694/DELINEADOR-DE-LABIOS-TONO-6-VINO-PRODUCTO.jpg
113011,Delineador Automático De Labios Samy # 07. Terracota,158219,DELINEADOR-AUTOMATICO-DE-LABIOS-TONO-TERRACOTA.jpg,DELINEADOR-AUTOMATICO-DE-LABIOS-TONO-TERRACOTA.jpg,https://samycosmetics.vteximg.com.br/arquivos/ids/158219/DELINEADOR-AUTOMATICO-DE-LABIOS-TONO-TERRACOTA.jpg.jpg
001897,Shampoo Con Aguacate Cabello Seco Byphasse,157701,SHAMPOO-AGUACATE-BYPH,SHAMPOO-AGUACATE-BYPH,https://samycosmetics.vteximg.com.br/arquivos/ids/157701/SHAMPOO-AGUACATE-BYPH.jpg
001898,Shampoo Con Coco Cabello Tinturado Byphasse,157702,SHAMPOO-COCO-BYPH,SHAMPOO-COCO-BYPH,https://samycosmetics.vteximg.com.br/arquivos/ids/157702/SHAMPOO-COCO-BYPH.jpg
001899,Shampoo Con Te Verde Cabello Normal A Graso Byphasse,157703,SHAMPOO-TE-VERDE-BYPH,SHAMPOO-TE-VERDE-BYPH,https://samycosmetics.vteximg.com.br/arquivos/ids/157703/SHAMPOO-TE-VERDE-BYPH.jpg
001920,Mascarilla Capilar Con Aguacate Cabello Seco Byphasse,157704,MASCARILLA-CAPILAR-AGUACAT-CAB-SECO-BYPH,MASCARILLA-CAPILAR-AGUACAT-CAB-SECO-BYPH,https://samycosmetics.vteximg.com.br/arquivos/ids/157704/MASCARILLA-CAPILAR-AGUACAT-CAB-SECO-BYPH.jpg
001921,Mascarilla Capilar Con Coco Cabello Tinturado Byphasse,157705,MASCARILLA-CAPILAR-COCO-CAB-TINTURA-BYPH,MASCARILLA-CAPILAR-COCO-CAB-TINTURA-BYPH,https://samycosmetics.vteximg.com.br/arquivos/ids/157705/MASCARILLA-CAPILAR-COCO-CAB-TINTURA-BYPH.jpg
057006,Crema Para Peinar Cabello Rebelde Byphasse,157706,CREMA-PARA-PEINAR-CABELLO-REBELDE-BYPH,CREMA-PARA-PEINAR-CABELLO-REBELDE-BYPH,https://samycosmetics.vteximg.com.br/arquivos/ids/157706/CREMA-PARA-PEINAR-CABELLO-REBELDE-BYPH.jpg
057007,Crema Para Peinar Cabello Rizado Byphasse,157707,CREMA-PARA-PEINAR-CABELLO-RIZADO-BYPH,CREMA-PARA-PEINAR-CABELLO-RIZADO-BYPH,https://samycosmetics.vteximg.com.br/arquivos/ids/157707/CREMA-PARA-PEINAR-CABELLO-RIZADO-BYPH.jpg
001927,Laca Capilar Con Keratina Extra Fuerte Byphasse,157708,LACA-CAPILAR-EXTRA-FUERTE-CON-KERAT-BYPH,LACA-CAPILAR-EXTRA-FUERTE-CON-KERAT-BYPH,https://samycosmetics.vteximg.com.br/arquivos/ids/157708/LACA-CAPILAR-EXTRA-FUERTE-CON-KERAT-BYPH.jpg
023415,Labial En Barra Mate Samy # 1,157724,Tono-1,000000,https://samycosmetics.vteximg.com.br/arquivos/ids/157724/Tono-1.jpg
023416,Labial En Barra Mate Samy # 2,157725,Tono-2,Tono-2,https://samycosmetics.vteximg.com.br/arquivos/ids/157725/Tono-2.jpg
023417,Labial En Barra Mate Samy # 3,157726,Tono-3,Tono-3,https://samycosmetics.vteximg.com.br/arquivos/ids/157726/Tono-3.jpg
023418,Labial En Barra Mate Samy # 4,157727,Tono-4,Tono-4,https://samycosmetics.vteximg.com.br/arquivos/ids/157727/Tono-4.jpg
023420,Labial En Barra Mate Samy # 6,157728,Tono-6,Tono-6,https://samycosmetics.vteximg.com.br/arquivos/ids/157728/Tono-6.jpg
023421,Labial En Barra Mate Samy # 7,157749,Labial-tono-7-1200x1200,Labial-tono-7-1200x1200,https://samycosmetics.vteximg.com.br/arquivos/ids/157749/Labial-tono-7-1200x1200.jpg
023422,Labial En Barra Mate Samy # 8,157748,Labial-tono-8-1200x1200,Labial-tono-8-1200x1200,https://samycosmetics.vteximg.com.br/arquivos/ids/157748/Labial-tono-8-1200x1200.jpg
004198,Máscara De Pestañas Samy Iconic Curl,157717,PESTAÑINA-ICONIC-CURL,000000,https://samycosmetics.vteximg.com.br/arquivos/ids/157717/PESTAÑINA-ICONIC-CURL.jpg
004198,Máscara De Pestañas Samy Iconic Curl,157718,MASCARA-ICONIC-CURLOJO,000000,https://samycosmetics.vteximg.com.br/arquivos/ids/157718/MASCARA-ICONIC-CURLOJO.jpg
004197,Máscara De Pestañas Samy Iconic Length,157719,PESTAÑINA-ICONIC-LENGTH,000000,https://samycosmetics.vteximg.com.br/arquivos/ids/157719/PESTAÑINA-ICONIC-LENGTH.jpg
004197,Máscara De Pestañas Samy Iconic Length,157721,MASCARA-ICONIC-LENGTHOJO,000000,https://samycosmetics.vteximg.com.br/arquivos/ids/157721/MASCARA-ICONIC-LENGTHOJO.jpg
004196,Máscara De Pestañas Samy Iconic Volume,157722,PESTAÑINA-ICONIC-VOLUME,000000,https://samycosmetics.vteximg.com.br/arquivos/ids/157722/PESTAÑINA-ICONIC-VOLUME.jpg
004196,Máscara De Pestañas Samy Iconic Volume,157723,MASCARA-ICONIC-VOLUMEOJO,000000,https://samycosmetics.vteximg.com.br/arquivos/ids/157723/MASCARA-ICONIC-VOLUMEOJO.jpg
032200,Tinta Para Labios Samy # 01. Blood Kiss,157734,TINTA-PARA-LABIOS-TONO,TINTA-PARA-LABIOS-TONO,https://samycosmetics.vteximg.com.br/arquivos/ids/157734/TINTA-PARA-LABIOS-TONO.jpg
032200,Tinta Para Labios Samy # 01. Blood Kiss,157735,LABIOS-TINTA-,LABIOS-TINTA-,https://samycosmetics.vteximg.com.br/arquivos/ids/157735/LABIOS-TINTA-.jpg
032200,Tinta Para Labios Samy # 01. Blood Kiss,157736,LABIOS-TINTA-2-,LABIOS-TINTA-2-,https://samycosmetics.vteximg.com.br/arquivos/ids/157736/LABIOS-TINTA-2-.jpg
045008,Iluminador Liquido Samy Para Ojos Y Rostro # 01. Golden Hour,157759,TONO-1---Iluminador,000000,https://samycosmetics.vteximg.com.br/arquivos/ids/157759/TONO-1---Iluminador.jpg
045008,Iluminador Liquido Samy Para Ojos Y Rostro # 01. Golden Hour,157762,MANO-ILUMINADORES-web,000000,https://samycosmetics.vteximg.com.br/arquivos/ids/157762/MANO-ILUMINADORES-web.jpg
045008,Iluminador Liquido Samy Para Ojos Y Rostro # 01. Golden Hour,157763,MANO-ILUMINADORES-web-2,iluminador-piel-morena,https://samycosmetics.vteximg.com.br/arquivos/ids/157763/MANO-ILUMINADORES-web-2.jpg
045009,Iluminador Liquido Samy Para Ojos Y Rostro # 02. Champagne Rose,157760,TONO-2---Iluminador,TONO-2---Iluminador,https://samycosmetics.vteximg.com.br/arquivos/ids/157760/TONO-2---Iluminador.jpg
045009,Iluminador Liquido Samy Para Ojos Y Rostro # 02. Champagne Rose,157764,MANO-ILUMINADORES-web,iluminador-piel-blanca,https://samycosmetics.vteximg.com.br/arquivos/ids/157764/MANO-ILUMINADORES-web.jpg
045009,Iluminador Liquido Samy Para Ojos Y Rostro # 02. Champagne Rose,157765,MANO-ILUMINADORES-web-2,iluminador-piel-morena,https://samycosmetics.vteximg.com.br/arquivos/ids/157765/MANO-ILUMINADORES-web-2.jpg
045010,Iluminador Liquido Samy Para Ojos Y Rostro # 03. Bronze Queen,157761,TONO-3---Iluminador,TONO-3---Iluminador,https://samycosmetics.vteximg.com.br/arquivos/ids/157761/TONO-3---Iluminador.jpg
045010,Iluminador Liquido Samy Para Ojos Y Rostro # 03. Bronze Queen,157766,MANO-ILUMINADORES-web,iluminador-piel-blanca,https://samycosmetics.vteximg.com.br/arquivos/ids/157766/MANO-ILUMINADORES-web.jpg
045010,Iluminador Liquido Samy Para Ojos Y Rostro # 03. Bronze Queen,157767,MANO-ILUMINADORES-web-2,iluminador-piel-morena-,https://samycosmetics.vteximg.com.br/arquivos/ids/157767/MANO-ILUMINADORES-web-2.jpg
038004,Polvo Suelto Matificante Samy 8 G,157804,POLVO-SUELTO-MATIFICANTE,POLVO-SUELTO-MATIFICANTE,https://samycosmetics.vteximg.com.br/arquivos/ids/157804/POLVO-SUELTO-MATIFICANTE.jpg
057008,Aceite Capilar Cabello Tinturado Byphasse,157811,ACEITE-CAPILAR-CABELLO-TINTURADO-BYPH,silicona,https://samycosmetics.vteximg.com.br/arquivos/ids/157811/ACEITE-CAPILAR-CABELLO-TINTURADO-BYPH.jpg
057009,Aceite Capilar Control Frizz Byphasse,157812,ACEITE-CAPILAR-CONTROL-FRIZZ-BYPH,ACEITE-CAPILAR-CONTROL-FRIZZ-BYPH,https://samycosmetics.vteximg.com.br/arquivos/ids/157812/ACEITE-CAPILAR-CONTROL-FRIZZ-BYPH.jpg
057010,Tónico Facial Suave Con Aloe Vera Byphasse,157813,TONICO-FACIAL-SUAVE-ALOE-VERA-BYPH,TONICO-FACIAL-SUAVE-ALOE-VERA-BYPH,https://samycosmetics.vteximg.com.br/arquivos/ids/157813/TONICO-FACIAL-SUAVE-ALOE-VERA-BYPH.jpg
149008,Polvo Compacto Bronceador Luminoso Samy,157815,Polvo-Compacto-Bronceador-Luminoso-WEB,Polvo-Compacto-Bronceador-Luminoso-WEB,https://samycosmetics.vteximg.com.br/arquivos/ids/157815/Polvo-Compacto-Bronceador-Luminoso-WEB.jpg
149008,Polvo Compacto Bronceador Luminoso Samy,157825,bronceador-iluminador2,Bronceador-glow,https://samycosmetics.vteximg.com.br/arquivos/ids/157825/bronceador-iluminador2.jpg
149008,Polvo Compacto Bronceador Luminoso Samy,157826,POLVO-BRONCEADOR-LUMINOSO-encuadre4,POLVO-BRONCEADOR-LUMINOSO-encuadre4,https://samycosmetics.vteximg.com.br/arquivos/ids/157826/POLVO-BRONCEADOR-LUMINOSO-encuadre4.jpg
260024,Pomos De Maquillaje Redondos X 2 Und Samy,157827,Borlas-Redondas,borla-pomos,https://samycosmetics.vteximg.com.br/arquivos/ids/157827/Borlas-Redondas.jpg
260023,Pomos De Maquillaje Triangulares X 2 Und Samy,159433,pomos de maquillaje 2 und,pomos de maquillaje 2 und,https://samycosmetics.vteximg.com.br/arquivos/ids/159433/pomos de maquillaje 2 und.jpg
052010,Encrespador De Pestañas Samy,157830,Ajuste-Zoom-Encrespador,rizador-encrespador,https://samycosmetics.vteximg.com.br/arquivos/ids/157830/Ajuste-Zoom-Encrespador.jpg
052010,Encrespador De Pestañas Samy,157829,Encrespador,000000,https://samycosmetics.vteximg.com.br/arquivos/ids/157829/Encrespador.jpg
132013,Set De Brochas X 10 Und Pink Glam Collection,157831,Set-de-Brochas-Pink,Set-de-Brochas-Pink,https://samycosmetics.vteximg.com.br/arquivos/ids/157831/Set-de-Brochas-Pink.jpg
132013,Set De Brochas X 10 Und Pink Glam Collection,157832,Set-de-Brochas-Pink-Zoom--1,Set-de-Brochas-Pink-Zoom--1,https://samycosmetics.vteximg.com.br/arquivos/ids/157832/Set-de-Brochas-Pink-Zoom--1.jpg
132013,Set De Brochas X 10 Und Pink Glam Collection,157834,Ajuste-Zoom-Brochas,Ajuste-Zoom-Brochas,https://samycosmetics.vteximg.com.br/arquivos/ids/157834/Ajuste-Zoom-Brochas.jpg
132013,Set De Brochas X 10 Und Pink Glam Collection,157835,Set-de-Brochas-Pink-Empaque,Set-de-Brochas-Pink-Empaque,https://samycosmetics.vteximg.com.br/arquivos/ids/157835/Set-de-Brochas-Pink-Empaque.jpg
145145,Kit Novia Clásica,157836,KIT-CLÁSICO,KIT-CLÁSICO,https://samycosmetics.vteximg.com.br/arquivos/ids/157836/KIT-CLÁSICO.jpg
144561,Kit Novia Glam,157837,KITS-GLAM,KITS-GLAM,https://samycosmetics.vteximg.com.br/arquivos/ids/157837/KITS-GLAM.jpg
455214,Kit Novia Rockstar,157838,KITS-ROCKSTAR,132000,https://samycosmetics.vteximg.com.br/arquivos/ids/157838/KITS-ROCKSTAR.jpg
458756,Kit Novia Pink,157839,KIT-PINK,000000,https://samycosmetics.vteximg.com.br/arquivos/ids/157839/KIT-PINK.jpg
039045,Paleta X 9 Sombras De Ojos Samy # 10. Glam,157840,GLAM-Paletas,GLAM-Paletas,https://samycosmetics.vteximg.com.br/arquivos/ids/157840/GLAM-Paletas.png
039045,Paleta X 9 Sombras De Ojos Samy # 10. Glam,157841,GLAM-FUNDA,GLAM-FUNDA,https://samycosmetics.vteximg.com.br/arquivos/ids/157841/GLAM-FUNDA.png
039045,Paleta X 9 Sombras De Ojos Samy # 10. Glam,157842,GLAM,GLAM,https://samycosmetics.vteximg.com.br/arquivos/ids/157842/GLAM.jpg
039046,Paleta X 9 Sombras De Ojos Samy # 11. Terra,157843,TERRA-Paletas,TERRA-Paletas,https://samycosmetics.vteximg.com.br/arquivos/ids/157843/TERRA-Paletas.png
039046,Paleta X 9 Sombras De Ojos Samy # 11. Terra,157844,TIERRA-FUNDA,TIERRA-FUNDA,https://samycosmetics.vteximg.com.br/arquivos/ids/157844/TIERRA-FUNDA.png
039046,Paleta X 9 Sombras De Ojos Samy # 11. Terra,157845,TERRA,TERRA,https://samycosmetics.vteximg.com.br/arquivos/ids/157845/TERRA.jpg
039047,Paleta X 9 Sombras De Ojos Samy # 12. Coral,157846,CORAL-Paletas,CORAL-Paletas,https://samycosmetics.vteximg.com.br/arquivos/ids/157846/CORAL-Paletas.png
039047,Paleta X 9 Sombras De Ojos Samy # 12. Coral,157847,CORAL-FUNDA,CORAL-FUNDA,https://samycosmetics.vteximg.com.br/arquivos/ids/157847/CORAL-FUNDA.png
039047,Paleta X 9 Sombras De Ojos Samy # 12. Coral,157849,CORAL,CORAL,https://samycosmetics.vteximg.com.br/arquivos/ids/157849/CORAL.jpg
039048,Paleta X 9 Sombras De Ojos Samy # 13. Golden,157850,GOLDEN-Paletas,GOLDEN-Paletas,https://samycosmetics.vteximg.com.br/arquivos/ids/157850/GOLDEN-Paletas.png
039048,Paleta X 9 Sombras De Ojos Samy # 13. Golden,157851,GOLDEN-FUNDA,GOLDEN-FUNDA,https://samycosmetics.vteximg.com.br/arquivos/ids/157851/GOLDEN-FUNDA.png
039048,Paleta X 9 Sombras De Ojos Samy # 13. Golden,157852,GOLDEN,GOLDEN,https://samycosmetics.vteximg.com.br/arquivos/ids/157852/GOLDEN.jpg
001346,Bb Cream Samy # 1.0 Light,157857,BB-CREAM-tono1,BB-CREAM-tono1,https://samycosmetics.vteximg.com.br/arquivos/ids/157857/BB-CREAM-tono1.png
001346,Bb Cream Samy # 1.0 Light,157858,swatches-1,swatches-1,https://samycosmetics.vteximg.com.br/arquivos/ids/157858/swatches-1.png
001347,Bb Cream Samy # 2.0 Beige,157859,BB-CREAM-tono2,BB-CREAM-tono2,https://samycosmetics.vteximg.com.br/arquivos/ids/157859/BB-CREAM-tono2.png
001347,Bb Cream Samy # 2.0 Beige,157860,swatches-2,swatches-2,https://samycosmetics.vteximg.com.br/arquivos/ids/157860/swatches-2.png
001348,Bb Cream Samy # 3.0 Medium,157861,BB-CREAM-tono3,BB-CREAM-tono3,https://samycosmetics.vteximg.com.br/arquivos/ids/157861/BB-CREAM-tono3.png
001348,Bb Cream Samy # 3.0 Medium,157862,swatches-3,swatches-3,https://samycosmetics.vteximg.com.br/arquivos/ids/157862/swatches-3.png
001349,Bb Cream Samy # 5.0 Tan,157863,BB-CREAM-tono4,BB-CREAM-tono4,https://samycosmetics.vteximg.com.br/arquivos/ids/157863/BB-CREAM-tono4.png
001349,Bb Cream Samy # 5.0 Tan,157864,swatches-5,swatches-5,https://samycosmetics.vteximg.com.br/arquivos/ids/157864/swatches-5.png
402255,Lip Combo Rosa Samy,157865,LIP-COMBOS-ROSAS,LIP-COMBOS-ROSAS,https://samycosmetics.vteximg.com.br/arquivos/ids/157865/LIP-COMBOS-ROSAS.jpg
2600237,Lip Combo Noche Samy,157866,LIP-COMBOS-NOCHE,LIP-COMBOS-NOCHE,https://samycosmetics.vteximg.com.br/arquivos/ids/157866/LIP-COMBOS-NOCHE.jpg
74455444,Lip Combo Volumen Samy,157867,LIP-COMBOS-VOLUMEN,LIP-COMBOS-VOLUMEN,https://samycosmetics.vteximg.com.br/arquivos/ids/157867/LIP-COMBOS-VOLUMEN.jpg
1325556,Lip Combo Gloss Samy,157868,LIP-COMBOS-GLOSS,LIP-COMBOS-GLOSS,https://samycosmetics.vteximg.com.br/arquivos/ids/157868/LIP-COMBOS-GLOSS.jpg
00195854,Lip Combo Natural Samy,157869,LIP-COMBOS-NATURALES,LIP-COMBOS-NATURALES,https://samycosmetics.vteximg.com.br/arquivos/ids/157869/LIP-COMBOS-NATURALES.jpg
26008,Lip Combo Natural Samy,157870,LIP-COMBOS-CLASICOS,LIP-COMBOS-CLASICOS,https://samycosmetics.vteximg.com.br/arquivos/ids/157870/LIP-COMBOS-CLASICOS.jpg
038005,Polvo Suelto Rosado Samy  8 Gr,157871,POLVO-ROSADO-FONDO-BLANCO,POLVO-ROSADO-FONDO-BLANCO,https://samycosmetics.vteximg.com.br/arquivos/ids/157871/POLVO-ROSADO-FONDO-BLANCO.jpg
032201,Tinta Para Labios Samy # 02. Passion Kiss,158129,Tinta-para-labios-Passion-Kiss,Tinta-para-labios-Passion-Kiss,https://samycosmetics.vteximg.com.br/arquivos/ids/158129/Tinta-para-labios-Passion-Kiss.jpg
032201,Tinta Para Labios Samy # 02. Passion Kiss,157893,TINTA-PARA-LABIOS-TONO-02,TINTA-PARA-LABIOS-TONO-02,https://samycosmetics.vteximg.com.br/arquivos/ids/157893/TINTA-PARA-LABIOS-TONO-02.jpg
057019,Suero Facial Antiarrugas Retinol Byphasse,157904,SÉRUM-RETINOL-BYPH,0570190,https://samycosmetics.vteximg.com.br/arquivos/ids/157904/SÉRUM-RETINOL-BYPH.jpg
057021,Suero Facial Hidratante Hialurónico Byphasse,157905,SÉRUM-ÁCIDO-HIALURÓNICO,SÉRUM-ÁCIDO-HIALURÓNICO,https://samycosmetics.vteximg.com.br/arquivos/ids/157905/SÉRUM-ÁCIDO-HIALURÓNICO.jpg
057022,Suero Facial Iluminador Vitamina C Byphasse,157906,SÉRUM-VITAMINA-C-BYPH,000000,https://samycosmetics.vteximg.com.br/arquivos/ids/157906/SÉRUM-VITAMINA-C-BYPH.jpg
057020,Suero Facial Antimanchas Niacinamida Byphasse,157907,SÉRUM-NIACINAMIDA,000000,https://samycosmetics.vteximg.com.br/arquivos/ids/157907/SÉRUM-NIACINAMIDA.jpg
057012,Crema Antiedad Pro50 Redensificante Byphasse,157908,CREMA-ANTIEDAD-PRO50-REDENSIFICANTE-BYPH,CREMA-ANTIEDAD-PRO50-REDENSIFICANTE-BYPH,https://samycosmetics.vteximg.com.br/arquivos/ids/157908/CREMA-ANTIEDAD-PRO50-REDENSIFICANTE-BYPH.jpg
057016,Crema Facial Spf 50 Byphasse,157909,CREMA-FACIAL-SPF-50-BYPH,CREMA-FACIAL-SPF-50-BYPH,https://samycosmetics.vteximg.com.br/arquivos/ids/157909/CREMA-FACIAL-SPF-50-BYPH.jpg
057014,Crema Facial Con Color Spf 50 Byphasse Light,157910,CREMA-FACIAL-CON-COLOR-SPF-50-BYPH-LIGHT,1,https://samycosmetics.vteximg.com.br/arquivos/ids/157910/CREMA-FACIAL-CON-COLOR-SPF-50-BYPH-LIGHT.jpg
057015,Crema Facial Con Color Spf 50 Byph Med,157916,CREMA-FACIAL-CON-COLOR-SPF-50-BYPH-MED,CREMA-FACIAL-CON-COLOR-SPF-50-BYPH-MED,https://samycosmetics.vteximg.com.br/arquivos/ids/157916/CREMA-FACIAL-CON-COLOR-SPF-50-BYPH-MED.jpg
057011,Bálsamo Protector De Labios Spf30 Byphasse  X 2 Unidades,157917,Balsamo,Balsamo,https://samycosmetics.vteximg.com.br/arquivos/ids/157917/Balsamo.jpg
057017,Desmaquillante De Ojos Byphasse,157918,DESMAQUILLANTE-DE-OJOS-BYPH,DESMAQUILLANTE-DE-OJOS-BYPH,https://samycosmetics.vteximg.com.br/arquivos/ids/157918/DESMAQUILLANTE-DE-OJOS-BYPH.jpg
031022,Balsamo Para Labios 01. Clear,157936,LIP-BALM-SIN-TAPA--CLEAR,000000,https://samycosmetics.vteximg.com.br/arquivos/ids/157936/LIP-BALM-SIN-TAPA--CLEAR.jpg
031022,Balsamo Para Labios 01. Clear,157944,LIP-BALM--CLEAR,LIP-BALM--CLEAR,https://samycosmetics.vteximg.com.br/arquivos/ids/157944/LIP-BALM--CLEAR.jpg
031023,Balsamo Para Labios  02. Nude,157937,LIP-BALM-SIN-TAPA--NUDE,000000,https://samycosmetics.vteximg.com.br/arquivos/ids/157937/LIP-BALM-SIN-TAPA--NUDE.jpg
031023,Balsamo Para Labios  02. Nude,157945,LIP-BALM--NUDE,LIP-BALM--NUDE,https://samycosmetics.vteximg.com.br/arquivos/ids/157945/LIP-BALM--NUDE.jpg
031024,Balsamo Para Labios  03. Peach,157938,LIP-BALM-SIN-TAPA--PEACH-,000000,https://samycosmetics.vteximg.com.br/arquivos/ids/157938/LIP-BALM-SIN-TAPA--PEACH-.jpg
031024,Balsamo Para Labios  03. Peach,157946,LIP-BALM--PEACH-,LIP-BALM--PEACH-,https://samycosmetics.vteximg.com.br/arquivos/ids/157946/LIP-BALM--PEACH-.jpg
031025,Balsamo Para Labios  04. Cherry,157939,LIP-BALM-SIN-TAPA--CHERRY,000000,https://samycosmetics.vteximg.com.br/arquivos/ids/157939/LIP-BALM-SIN-TAPA--CHERRY.jpg
031025,Balsamo Para Labios  04. Cherry,157947,LIP-BALM--CHERRY,LIP-BALM--CHERRY,https://samycosmetics.vteximg.com.br/arquivos/ids/157947/LIP-BALM--CHERRY.jpg
000161,Balsamo Para Labios 05.Raspberry,158985,Raspberry-1200-x-1200,Raspberry-1200-x-1200,https://samycosmetics.vteximg.com.br/arquivos/ids/158985/Raspberry-1200-x-1200.jpg
000161,Balsamo Para Labios 05.Raspberry,158986,Raspberry-1200-x-1200--con-tapa-,Raspberry-1200-x-1200--con-tapa-,https://samycosmetics.vteximg.com.br/arquivos/ids/158986/Raspberry-1200-x-1200--con-tapa-.jpg
051031,Delineador De Ojos Samy Eye # 01. Blanco,157949,DELINEADOR-DE-OJOS-ABIERTO_BLANCO,000000,https://samycosmetics.vteximg.com.br/arquivos/ids/157949/DELINEADOR-DE-OJOS-ABIERTO_BLANCO.jpg
051031,Delineador De Ojos Samy Eye # 01. Blanco,157950,DELINEADOR-DE-OJOS_BLANCO,DELINEADOR-DE-OJOS_BLANCO,https://samycosmetics.vteximg.com.br/arquivos/ids/157950/DELINEADOR-DE-OJOS_BLANCO.jpg
051032,Delineador De Ojos Samy Eye # 02. Negro,157951,DELINEADOR-DE-OJOS-ABIERTO_NEGRO,000000,https://samycosmetics.vteximg.com.br/arquivos/ids/157951/DELINEADOR-DE-OJOS-ABIERTO_NEGRO.jpg
051032,Delineador De Ojos Samy Eye # 02. Negro,157952,DELINEADOR-DE-OJOS_NEGRO,DELINEADOR-DE-OJOS_NEGRO,https://samycosmetics.vteximg.com.br/arquivos/ids/157952/DELINEADOR-DE-OJOS_NEGRO.jpg
051033,Delineador De Ojos Samy Eye # 03. Café,157953,DELINEADOR-DE-OJOS-ABIERTO_CAFE,DELINEADOR-DE-OJOS-ABIERTO_CAFE,https://samycosmetics.vteximg.com.br/arquivos/ids/157953/DELINEADOR-DE-OJOS-ABIERTO_CAFE.jpg
051033,Delineador De Ojos Samy Eye # 03. Café,157954,DELINEADOR-DE-OJOS_CAFE,DELINEADOR-DE-OJOS_CAFE,https://samycosmetics.vteximg.com.br/arquivos/ids/157954/DELINEADOR-DE-OJOS_CAFE.jpg
051034,Delineador De Ojos Samy Eye # 04. Beige,157956,DELINEADOR-DE-OJOS-ABIERTO_BEIGE,DELINEADOR-DE-OJOS-ABIERTO_BEIGE,https://samycosmetics.vteximg.com.br/arquivos/ids/157956/DELINEADOR-DE-OJOS-ABIERTO_BEIGE.jpg
051034,Delineador De Ojos Samy Eye # 04. Beige,157955,DELINEADOR-DE-OJOS_BEIGE,DELINEADOR-DE-OJOS_BEIGE,https://samycosmetics.vteximg.com.br/arquivos/ids/157955/DELINEADOR-DE-OJOS_BEIGE.jpg
051035,Delineador De Ojos Samy Eye # 05. Dorado,157957,DELINEADOR-DE-OJOS-ABIERTO_DORADO,DELINEADOR-DE-OJOS-ABIERTO_DORADO,https://samycosmetics.vteximg.com.br/arquivos/ids/157957/DELINEADOR-DE-OJOS-ABIERTO_DORADO.jpg
051035,Delineador De Ojos Samy Eye # 05. Dorado,157958,DELINEADOR-DE-OJOS_DORADO,DELINEADOR-DE-OJOS_DORADO,https://samycosmetics.vteximg.com.br/arquivos/ids/157958/DELINEADOR-DE-OJOS_DORADO.jpg
057018,Suero Capilar Keratina Cabello Seco Byphasse,157966,SUERO-CAPILAR-KERATINA-CABELLO-SECO-BYPH,SUERO-CAPILAR-KERATINA-CABELLO-SECO-BYPH,https://samycosmetics.vteximg.com.br/arquivos/ids/157966/SUERO-CAPILAR-KERATINA-CABELLO-SECO-BYPH.jpg
280000,Brillo De Labios Kf Lip Oil # 101,158625,Brillo-de-labios-10,Brillo-de-labios-10,https://samycosmetics.vteximg.com.br/arquivos/ids/158625/Brillo-de-labios-10.jpg
280000,Brillo De Labios Kf Lip Oil # 101,158626,Lip-Oil-101--sombra,Lip-Oil-101--sombra,https://samycosmetics.vteximg.com.br/arquivos/ids/158626/Lip-Oil-101--sombra.jpg
280000,Brillo De Labios Kf Lip Oil # 101,158627,BRILLO-DE-LABIOS-KF-101,BRILLO-DE-LABIOS-KF-101,https://samycosmetics.vteximg.com.br/arquivos/ids/158627/BRILLO-DE-LABIOS-KF-101.jpg
280001,Brillo De Labios Kf Lip Oil # 102,158628,Brillo-de-labios-102,Brillo-de-labios-102,https://samycosmetics.vteximg.com.br/arquivos/ids/158628/Brillo-de-labios-102.jpg
280001,Brillo De Labios Kf Lip Oil # 102,158629,Lip-Oil-102--sombra,Lip-Oil-102--sombra,https://samycosmetics.vteximg.com.br/arquivos/ids/158629/Lip-Oil-102--sombra.jpg
280001,Brillo De Labios Kf Lip Oil # 102,158630,BRILLO-DE-LABIOS-KF-102,BRILLO-DE-LABIOS-KF-102,https://samycosmetics.vteximg.com.br/arquivos/ids/158630/BRILLO-DE-LABIOS-KF-102.jpg
280002,Brillo De Labios Kf Lip Oil # 103,158631,Brillo-de-labios-103,Brillo-de-labios-103,https://samycosmetics.vteximg.com.br/arquivos/ids/158631/Brillo-de-labios-103.jpg
280002,Brillo De Labios Kf Lip Oil # 103,158632,Lip-Oil-103--sombra,Lip-Oil-103--sombra,https://samycosmetics.vteximg.com.br/arquivos/ids/158632/Lip-Oil-103--sombra.jpg
280002,Brillo De Labios Kf Lip Oil # 103,158633,BRILLO-DE-LABIOS-KF-103,BRILLO-DE-LABIOS-KF-103,https://samycosmetics.vteximg.com.br/arquivos/ids/158633/BRILLO-DE-LABIOS-KF-103.jpg
280019,Tinta Para Labios Kf # 01,158644,Tinta-para-labios-KF,Tinta-para-labios-KF,https://samycosmetics.vteximg.com.br/arquivos/ids/158644/Tinta-para-labios-KF.jpg
280019,Tinta Para Labios Kf # 01,158645,Tinta-para-labios--sombra,Tinta-para-labios--sombra,https://samycosmetics.vteximg.com.br/arquivos/ids/158645/Tinta-para-labios--sombra.jpg
280019,Tinta Para Labios Kf # 01,158646,TINTA-PARA-LABIOS-KF,TINTA-PARA-LABIOS-KF,https://samycosmetics.vteximg.com.br/arquivos/ids/158646/TINTA-PARA-LABIOS-KF.jpg
280086,Máscara De Pestañas Kf - Negra,158472,Mascara-de-pestanas-KF,Mascara-de-pestanas-KF,https://samycosmetics.vteximg.com.br/arquivos/ids/158472/Mascara-de-pestanas-KF.jpg
280086,Máscara De Pestañas Kf - Negra,158634,Mascara-de-pestanas--sombra,Mascara-de-pestanas--sombra,https://samycosmetics.vteximg.com.br/arquivos/ids/158634/Mascara-de-pestanas--sombra.jpg
280087,Máscara De Pestañas Kf - Café,158833,Pestanina-Cafe_-Cerrada,Pestanina-Cafe_-Cerrada,https://samycosmetics.vteximg.com.br/arquivos/ids/158833/Pestanina-Cafe_-Cerrada.jpg
280087,Máscara De Pestañas Kf - Café,159172,mascara-de-pestanas-Cafe,mascara-de-pestanas-Cafe,https://samycosmetics.vteximg.com.br/arquivos/ids/159172/mascara-de-pestanas-Cafe.jpg
280088,Máscara De Pestañas Kf - Azul,158834,Pestanina-Azul_-Cerrada,Pestanina-Azul_-Cerrada,https://samycosmetics.vteximg.com.br/arquivos/ids/158834/Pestanina-Azul_-Cerrada.jpg
280088,Máscara De Pestañas Kf - Azul,159173,mascara-de-pestanas-Azul,mascara-de-pestanas-Azul,https://samycosmetics.vteximg.com.br/arquivos/ids/159173/mascara-de-pestanas-Azul.jpg
280010,Brillo De Labios Kf Color Gloss # 101,159106,Lip-Gloss-Intense-Color-101-completo,Lip-Gloss-Intense-Color-101-completo,https://samycosmetics.vteximg.com.br/arquivos/ids/159106/Lip-Gloss-Intense-Color-101-completo.jpg
280010,Brillo De Labios Kf Color Gloss # 101,159107,Lip-Gloss-Intense-Color-101,Lip-Gloss-Intense-Color-101,https://samycosmetics.vteximg.com.br/arquivos/ids/159107/Lip-Gloss-Intense-Color-101.jpg
280010,Brillo De Labios Kf Color Gloss # 101,159108,Lip-Gloss-Intense-Color-101-con-vastago,Lip-Gloss-Intense-Color-101-con-vastago,https://samycosmetics.vteximg.com.br/arquivos/ids/159108/Lip-Gloss-Intense-Color-101-con-vastago.jpg
280011,Brillo De Labios Kf Color Gloss # 102,159109,Lip-Gloss-Intense-Color-102-completo,Lip-Gloss-Intense-Color-102-completo,https://samycosmetics.vteximg.com.br/arquivos/ids/159109/Lip-Gloss-Intense-Color-102-completo.jpg
280011,Brillo De Labios Kf Color Gloss # 102,159110,Lip-Gloss-Intense-Color-102,Lip-Gloss-Intense-Color-102,https://samycosmetics.vteximg.com.br/arquivos/ids/159110/Lip-Gloss-Intense-Color-102.jpg
280011,Brillo De Labios Kf Color Gloss # 102,159111,Lip-Gloss-Intense-Color-102-con-vastago,Lip-Gloss-Intense-Color-102-con-vastago,https://samycosmetics.vteximg.com.br/arquivos/ids/159111/Lip-Gloss-Intense-Color-102-con-vastago.jpg
280012,Brillo De Labios Kf Color Gloss # 103,159112,Lip-Gloss-Intense-Color-103-completo,Lip-Gloss-Intense-Color-103-completo,https://samycosmetics.vteximg.com.br/arquivos/ids/159112/Lip-Gloss-Intense-Color-103-completo.jpg
280012,Brillo De Labios Kf Color Gloss # 103,159113,Lip-Gloss-Intense-Color-103,Lip-Gloss-Intense-Color-103,https://samycosmetics.vteximg.com.br/arquivos/ids/159113/Lip-Gloss-Intense-Color-103.jpg
280012,Brillo De Labios Kf Color Gloss # 103,159114,Lip-Gloss-Intense-Color-103-con-vastago,Lip-Gloss-Intense-Color-103-con-vastago,https://samycosmetics.vteximg.com.br/arquivos/ids/159114/Lip-Gloss-Intense-Color-103-con-vastago.jpg
280013,Brillo De Labios Kf Color Gloss # 104,159115,Lip-Gloss-Intense-Color-104-completo-,Lip-Gloss-Intense-Color-104-completo-,https://samycosmetics.vteximg.com.br/arquivos/ids/159115/Lip-Gloss-Intense-Color-104-completo-.jpg
280013,Brillo De Labios Kf Color Gloss # 104,159116,Lip-Gloss-Intense-Color-104,Lip-Gloss-Intense-Color-104,https://samycosmetics.vteximg.com.br/arquivos/ids/159116/Lip-Gloss-Intense-Color-104.jpg
280013,Brillo De Labios Kf Color Gloss # 104,159117,Lip-Gloss-Intense-Color-104-con-vastago,Lip-Gloss-Intense-Color-104-con-vastago,https://samycosmetics.vteximg.com.br/arquivos/ids/159117/Lip-Gloss-Intense-Color-104-con-vastago.jpg
280049,Labial Líquido Mate Kf # 101,159148,Labial-Liquido-Mate-101-completo,Labial-Liquido-Mate-101-completo,https://samycosmetics.vteximg.com.br/arquivos/ids/159148/Labial-Liquido-Mate-101-completo.jpg
280049,Labial Líquido Mate Kf # 101,159149,Labial-Liquido-Mate-101-con-vastago,Labial-Liquido-Mate-101-con-vastago,https://samycosmetics.vteximg.com.br/arquivos/ids/159149/Labial-Liquido-Mate-101-con-vastago.jpg
280049,Labial Líquido Mate Kf # 101,159150,Labial-Liquido-Mate-101,Labial-Liquido-Mate-101,https://samycosmetics.vteximg.com.br/arquivos/ids/159150/Labial-Liquido-Mate-101.jpg
280050,Labial Líquido Mate Kf # 102,159151,Labial-Liquido-Mate-102-completo,Labial-Liquido-Mate-102-completo,https://samycosmetics.vteximg.com.br/arquivos/ids/159151/Labial-Liquido-Mate-102-completo.jpg
280050,Labial Líquido Mate Kf # 102,159152,Labial-Liquido-Mate-102-con-vastago,Labial-Liquido-Mate-102-con-vastago,https://samycosmetics.vteximg.com.br/arquivos/ids/159152/Labial-Liquido-Mate-102-con-vastago.jpg
280050,Labial Líquido Mate Kf # 102,159153,Labial-Liquido-Mate-102,Labial-Liquido-Mate-102,https://samycosmetics.vteximg.com.br/arquivos/ids/159153/Labial-Liquido-Mate-102.jpg
280051,Labial Líquido Mate Kf # 103,159154,Labial-Liquido-Mate-103-completo,Labial-Liquido-Mate-103-completo,https://samycosmetics.vteximg.com.br/arquivos/ids/159154/Labial-Liquido-Mate-103-completo.jpg
280051,Labial Líquido Mate Kf # 103,159155,Labial-Liquido-Mate-103-con-vastago,Labial-Liquido-Mate-103-con-vastago,https://samycosmetics.vteximg.com.br/arquivos/ids/159155/Labial-Liquido-Mate-103-con-vastago.jpg
280051,Labial Líquido Mate Kf # 103,159156,Labial-Liquido-Mate-103,Labial-Liquido-Mate-103,https://samycosmetics.vteximg.com.br/arquivos/ids/159156/Labial-Liquido-Mate-103.jpg
280052,Labial Líquido Mate Kf # 104,159157,Labial-Liquido-Mate-104-completo,Labial-Liquido-Mate-104-completo,https://samycosmetics.vteximg.com.br/arquivos/ids/159157/Labial-Liquido-Mate-104-completo.jpg
280052,Labial Líquido Mate Kf # 104,159158,Labial-Liquido-Mate-104-con-vastago,Labial-Liquido-Mate-104-con-vastago,https://samycosmetics.vteximg.com.br/arquivos/ids/159158/Labial-Liquido-Mate-104-con-vastago.jpg
280052,Labial Líquido Mate Kf # 104,159159,Labial-Liquido-Mate-104,Labial-Liquido-Mate-104,https://samycosmetics.vteximg.com.br/arquivos/ids/159159/Labial-Liquido-Mate-104.jpg
280053,Labial Líquido Mate Kf # 105,159160,Labial-Liquido-Mate-105-completo,Labial-Liquido-Mate-105-completo,https://samycosmetics.vteximg.com.br/arquivos/ids/159160/Labial-Liquido-Mate-105-completo.jpg
280053,Labial Líquido Mate Kf # 105,159161,Labial-Liquido-Mate-105-con-vastago,Labial-Liquido-Mate-105-con-vastago,https://samycosmetics.vteximg.com.br/arquivos/ids/159161/Labial-Liquido-Mate-105-con-vastago.jpg
280053,Labial Líquido Mate Kf # 105,159162,Labial-Liquido-Mate-105,Labial-Liquido-Mate-105,https://samycosmetics.vteximg.com.br/arquivos/ids/159162/Labial-Liquido-Mate-105.jpg
280054,Labial Líquido Mate Kf # 106,159163,Labial-Liquido-Mate-106-completo,Labial-Liquido-Mate-106-completo,https://samycosmetics.vteximg.com.br/arquivos/ids/159163/Labial-Liquido-Mate-106-completo.jpg
280054,Labial Líquido Mate Kf # 106,159164,Labial-Liquido-Mate-106-con-vastago,Labial-Liquido-Mate-106-con-vastago,https://samycosmetics.vteximg.com.br/arquivos/ids/159164/Labial-Liquido-Mate-106-con-vastago.jpg
280054,Labial Líquido Mate Kf # 106,159165,Labial-Liquido-Mate-106,Labial-Liquido-Mate-106,https://samycosmetics.vteximg.com.br/arquivos/ids/159165/Labial-Liquido-Mate-106.jpg
280055,Labial Líquido Mate Kf # 107,159166,Labial-Liquido-Mate-107-completo,Labial-Liquido-Mate-107-completo,https://samycosmetics.vteximg.com.br/arquivos/ids/159166/Labial-Liquido-Mate-107-completo.jpg
280055,Labial Líquido Mate Kf # 107,159167,Labial-Liquido-Mate-107-con-vastago,Labial-Liquido-Mate-107-con-vastago,https://samycosmetics.vteximg.com.br/arquivos/ids/159167/Labial-Liquido-Mate-107-con-vastago.jpg
280055,Labial Líquido Mate Kf # 107,159168,Labial-Liquido-Mate-107,Labial-Liquido-Mate-107,https://samycosmetics.vteximg.com.br/arquivos/ids/159168/Labial-Liquido-Mate-107.jpg
280056,Labial Líquido Mate Kf # 108,159169,Labial-Liquido-Mate-108-completo,Labial-Liquido-Mate-108-completo,https://samycosmetics.vteximg.com.br/arquivos/ids/159169/Labial-Liquido-Mate-108-completo.jpg
280056,Labial Líquido Mate Kf # 108,159170,Labial-Liquido-Mate-108-con-vastago,Labial-Liquido-Mate-108-con-vastago,https://samycosmetics.vteximg.com.br/arquivos/ids/159170/Labial-Liquido-Mate-108-con-vastago.jpg
280056,Labial Líquido Mate Kf # 108,159171,Labial-Liquido-Mate-108,Labial-Liquido-Mate-108,https://samycosmetics.vteximg.com.br/arquivos/ids/159171/Labial-Liquido-Mate-108.jpg
280025,Corrector Líquido Kf # 01,158604,Corrector-Liquido-01,Corrector-Liquido-01,https://samycosmetics.vteximg.com.br/arquivos/ids/158604/Corrector-Liquido-01.jpg
280025,Corrector Líquido Kf # 01,158605,Corrector-01--sombra,Corrector-01--sombra,https://samycosmetics.vteximg.com.br/arquivos/ids/158605/Corrector-01--sombra.jpg
280025,Corrector Líquido Kf # 01,158606,Corrector-Liquido-01-2,Corrector-Liquido-01-2,https://samycosmetics.vteximg.com.br/arquivos/ids/158606/Corrector-Liquido-01-2.jpg
280026,Corrector Líquido Kf # 02,158607,Corrector-Liquido-02,Corrector-Liquido-02,https://samycosmetics.vteximg.com.br/arquivos/ids/158607/Corrector-Liquido-02.jpg
280026,Corrector Líquido Kf # 02,158608,Corrector-02--sombra,Corrector-02--sombra,https://samycosmetics.vteximg.com.br/arquivos/ids/158608/Corrector-02--sombra.jpg
280026,Corrector Líquido Kf # 02,158609,Corrector-Liquido-02-2,Corrector-Liquido-02-2,https://samycosmetics.vteximg.com.br/arquivos/ids/158609/Corrector-Liquido-02-2.jpg
280027,Corrector Líquido Kf # 03,158610,Corrector-Liquido-03,Corrector-Liquido-03,https://samycosmetics.vteximg.com.br/arquivos/ids/158610/Corrector-Liquido-03.jpg
280027,Corrector Líquido Kf # 03,158611,Corrector-03--sombra,Corrector-03--sombra,https://samycosmetics.vteximg.com.br/arquivos/ids/158611/Corrector-03--sombra.jpg
280027,Corrector Líquido Kf # 03,158612,Corrector-Liquido-03-2,Corrector-Liquido-03-2,https://samycosmetics.vteximg.com.br/arquivos/ids/158612/Corrector-Liquido-03-2.jpg
280033,Base Líquida Kf Liquid Foundation # 01,158030,Base-Liquida-Kolor-Factory,Base-Liquida-Kolor-Factory,https://samycosmetics.vteximg.com.br/arquivos/ids/158030/Base-Liquida-Kolor-Factory.jpg
280033,Base Líquida Kf Liquid Foundation # 01,158031,Base-Liquida-Kolor-Factory-FOTO--2,Base-Liquida-Kolor-Factory-FOTO--2,https://samycosmetics.vteximg.com.br/arquivos/ids/158031/Base-Liquida-Kolor-Factory-FOTO--2.jpg
280033,Base Líquida Kf Liquid Foundation # 01,158032,Base-Liquida-Kolor-Factory-Foto--3,Base-Liquida-Kolor-Factory-Foto--3,https://samycosmetics.vteximg.com.br/arquivos/ids/158032/Base-Liquida-Kolor-Factory-Foto--3.jpg
280034,Base Líquida Kf Liquid Foundation # 02,158033,Base-Liquida-Kolor-Factory--2-foto-1,Base-Liquida-Kolor-Factory--2-foto-1,https://samycosmetics.vteximg.com.br/arquivos/ids/158033/Base-Liquida-Kolor-Factory--2-foto-1.jpg
280034,Base Líquida Kf Liquid Foundation # 02,158034,Base-Liquida-Kolor-Factory--2-foto-2,Base-Liquida-Kolor-Factory--2-foto-2,https://samycosmetics.vteximg.com.br/arquivos/ids/158034/Base-Liquida-Kolor-Factory--2-foto-2.jpg
280034,Base Líquida Kf Liquid Foundation # 02,158035,Base-Liquida-Kolor-Factory--2-foto-3,Base-Liquida-Kolor-Factory--2-foto-3,https://samycosmetics.vteximg.com.br/arquivos/ids/158035/Base-Liquida-Kolor-Factory--2-foto-3.jpg
280035,Base Líquida Kf Liquid Foundation # 03,158036,Base-Liquida-Kolor-Factory--3-foto-1,Base-Liquida-Kolor-Factory--3-foto-1,https://samycosmetics.vteximg.com.br/arquivos/ids/158036/Base-Liquida-Kolor-Factory--3-foto-1.jpg
280035,Base Líquida Kf Liquid Foundation # 03,158037,Base-Liquida-Kolor-Factory--3-foto-2,Base-Liquida-Kolor-Factory--3-foto-2,https://samycosmetics.vteximg.com.br/arquivos/ids/158037/Base-Liquida-Kolor-Factory--3-foto-2.jpg
280035,Base Líquida Kf Liquid Foundation # 03,158038,Base-Liquida-Kolor-Factory--3-foto-3,Base-Liquida-Kolor-Factory--3-foto-3,https://samycosmetics.vteximg.com.br/arquivos/ids/158038/Base-Liquida-Kolor-Factory--3-foto-3.jpg
280041,Base Líquida Kf Bb Cream #01,158976,BB-Cream--Tono-01,BB-Cream--Tono-01,https://samycosmetics.vteximg.com.br/arquivos/ids/158976/BB-Cream--Tono-01.jpg
280041,Base Líquida Kf Bb Cream #01,159103,BB-CREAM-01,BB-CREAM-01,https://samycosmetics.vteximg.com.br/arquivos/ids/159103/BB-CREAM-01.jpg
280042,Base Líquida Kf Bb Cream # 02,158977,BB-Cream--Tono-02,BB-Cream--Tono-02,https://samycosmetics.vteximg.com.br/arquivos/ids/158977/BB-Cream--Tono-02.jpg
280042,Base Líquida Kf Bb Cream # 02,159104,BB-CREAM-02,BB-CREAM-02,https://samycosmetics.vteximg.com.br/arquivos/ids/159104/BB-CREAM-02.jpg
280043,Base Líquida Kf Bb Cream # 03,158978,BB-Cream--Tono-03,BB-Cream--Tono-03,https://samycosmetics.vteximg.com.br/arquivos/ids/158978/BB-Cream--Tono-03.jpg
280043,Base Líquida Kf Bb Cream # 03,159105,BB-CREAM-03,BB-CREAM-03,https://samycosmetics.vteximg.com.br/arquivos/ids/159105/BB-CREAM-03.jpg
280062,Polvo Compacto Kf # 01,158048,Polvo-Compacto-KF-01-foto-1,Polvo-Compacto-KF-01-foto-1,https://samycosmetics.vteximg.com.br/arquivos/ids/158048/Polvo-Compacto-KF-01-foto-1.jpg
280062,Polvo Compacto Kf # 01,158049,Polvo-Compacto-KF-01-foto-2,Polvo-Compacto-KF-01-foto-2,https://samycosmetics.vteximg.com.br/arquivos/ids/158049/Polvo-Compacto-KF-01-foto-2.jpg
280062,Polvo Compacto Kf # 01,158050,Polvo-Compacto-KF-01-foto-3,Polvo-Compacto-KF-01-foto-3,https://samycosmetics.vteximg.com.br/arquivos/ids/158050/Polvo-Compacto-KF-01-foto-3.jpg
280063,Polvo Compacto Kf # 02,158051,Polvo-Compacto-KF-02-foto-1,Polvo-Compacto-KF-02-foto-1,https://samycosmetics.vteximg.com.br/arquivos/ids/158051/Polvo-Compacto-KF-02-foto-1.jpg
280063,Polvo Compacto Kf # 02,158052,Polvo-Compacto-KF-02-foto-2,Polvo-Compacto-KF-02-foto-2,https://samycosmetics.vteximg.com.br/arquivos/ids/158052/Polvo-Compacto-KF-02-foto-2.jpg
280063,Polvo Compacto Kf # 02,158053,Polvo-Compacto-KF-02-foto-3,Polvo-Compacto-KF-02-foto-3,https://samycosmetics.vteximg.com.br/arquivos/ids/158053/Polvo-Compacto-KF-02-foto-3.jpg
280064,Polvo Compacto Kf # 03,158054,Polvo-Compacto-KF-,Polvo-Compacto-KF-,https://samycosmetics.vteximg.com.br/arquivos/ids/158054/Polvo-Compacto-KF-.jpg
280064,Polvo Compacto Kf # 03,158055,Polvo-Compacto-KF-FOTO--2,Polvo-Compacto-KF-FOTO--2,https://samycosmetics.vteximg.com.br/arquivos/ids/158055/Polvo-Compacto-KF-FOTO--2.jpg
280064,Polvo Compacto Kf # 03,158056,Polvo-Compacto-KF-Foto--3,Polvo-Compacto-KF-Foto--3,https://samycosmetics.vteximg.com.br/arquivos/ids/158056/Polvo-Compacto-KF-Foto--3.jpg
280070,Rubor Líquido Kf # 01,158635,Rubor-liquido-01,Rubor-liquido-01,https://samycosmetics.vteximg.com.br/arquivos/ids/158635/Rubor-liquido-01.jpg
280070,Rubor Líquido Kf # 01,158636,Rubor-Liquido-01--sombra,Rubor-Liquido-01--sombra,https://samycosmetics.vteximg.com.br/arquivos/ids/158636/Rubor-Liquido-01--sombra.jpg
280070,Rubor Líquido Kf # 01,158637,RUBOR-LIQUIDO-KF--1,RUBOR-LIQUIDO-KF--1,https://samycosmetics.vteximg.com.br/arquivos/ids/158637/RUBOR-LIQUIDO-KF--1.jpg
280071,Rubor Líquido Kf # 02,158638,Rubor-liquido-02,Rubor-liquido-02,https://samycosmetics.vteximg.com.br/arquivos/ids/158638/Rubor-liquido-02.jpg
280071,Rubor Líquido Kf # 02,158639,Rubor-Liquido-02--sombra,Rubor-Liquido-02--sombra,https://samycosmetics.vteximg.com.br/arquivos/ids/158639/Rubor-Liquido-02--sombra.jpg
280071,Rubor Líquido Kf # 02,158640,RUBOR-LIQUIDO-KF--2,RUBOR-LIQUIDO-KF--2,https://samycosmetics.vteximg.com.br/arquivos/ids/158640/RUBOR-LIQUIDO-KF--2.jpg
280072,Rubor Líquido Kf # 03,158641,Rubor-liquido-03,Rubor-liquido-03,https://samycosmetics.vteximg.com.br/arquivos/ids/158641/Rubor-liquido-03.jpg
280072,Rubor Líquido Kf # 03,158642,Rubor-Liquido-03--sombra,Rubor-Liquido-03--sombra,https://samycosmetics.vteximg.com.br/arquivos/ids/158642/Rubor-Liquido-03--sombra.jpg
280072,Rubor Líquido Kf # 03,158643,RUBOR-LIQUIDO-KF--3,RUBOR-LIQUIDO-KF--3,https://samycosmetics.vteximg.com.br/arquivos/ids/158643/RUBOR-LIQUIDO-KF--3.jpg
280078,Rubor Compacto Kf # 01,158456,Rubor-compacto-01,Rubor-compacto-01,https://samycosmetics.vteximg.com.br/arquivos/ids/158456/Rubor-compacto-01.jpg
280078,Rubor Compacto Kf # 01,158601,Rubor-compacto-01--sombra,Rubor-compacto-01--sombra,https://samycosmetics.vteximg.com.br/arquivos/ids/158601/Rubor-compacto-01--sombra.jpg
280079,Rubor Compacto Kf # 02,158457,Rubor-compacto-02,Rubor-compacto-02,https://samycosmetics.vteximg.com.br/arquivos/ids/158457/Rubor-compacto-02.jpg
280079,Rubor Compacto Kf # 02,158602,Rubor-compacto-02--sombra,Rubor-compacto-02--sombra,https://samycosmetics.vteximg.com.br/arquivos/ids/158602/Rubor-compacto-02--sombra.jpg
280080,Rubor Compacto Kf # 03,158458,Rubor-compacto-03,Rubor-compacto-03,https://samycosmetics.vteximg.com.br/arquivos/ids/158458/Rubor-compacto-03.jpg
280080,Rubor Compacto Kf # 03,158603,Rubor-compacto-03--sombra,Rubor-compacto-03--sombra,https://samycosmetics.vteximg.com.br/arquivos/ids/158603/Rubor-compacto-03--sombra.jpg
132015,Set De Brochas X 10 Und Golden Glam Collection,158103,SET-BROCHAS-GOLDEN-_3,SET-BROCHAS-GOLDEN-_3,https://samycosmetics.vteximg.com.br/arquivos/ids/158103/SET-BROCHAS-GOLDEN-_3.jpg
132015,Set De Brochas X 10 Und Golden Glam Collection,158104,BROCHAS-GOLDEN-_1,BROCHAS-GOLDEN-_1,https://samycosmetics.vteximg.com.br/arquivos/ids/158104/BROCHAS-GOLDEN-_1.jpg
132015,Set De Brochas X 10 Und Golden Glam Collection,158105,SET-BROCHAS-GOLDEN-_2,SET-BROCHAS-GOLDEN-_2,https://samycosmetics.vteximg.com.br/arquivos/ids/158105/SET-BROCHAS-GOLDEN-_2.jpg
132015,Set De Brochas X 10 Und Golden Glam Collection,158106,EMPAQUE-BROCHAS-GOLDEN,EMPAQUE-BROCHAS-GOLDEN,https://samycosmetics.vteximg.com.br/arquivos/ids/158106/EMPAQUE-BROCHAS-GOLDEN.jpg
031018,Sérum Para Labios Samy # 04. Crystal Pink,158128,LIP-SERÚM-04.-CRYSTAL-PINK,LIP-SERÚM-04.-CRYSTAL-PINK,https://samycosmetics.vteximg.com.br/arquivos/ids/158128/LIP-SERÚM-04.-CRYSTAL-PINK.jpg
031013,Bálsamo hidratante Samy # 01. Petal,158133,BALSAMO-HIDRATANTE-01-PETAL.jpg,BALSAMO-HIDRATANTE-01-PETAL.jpg,https://samycosmetics.vteximg.com.br/arquivos/ids/158133/BALSAMO-HIDRATANTE-01-PETAL.jpg.jpg
031014,Bálsamo hidratante Samy # 02. Peach,158134,BALSAMO-HIDRATANTE-02-PEACH.jpg,BALSAMO-HIDRATANTE-02-PEACH.jpg,https://samycosmetics.vteximg.com.br/arquivos/ids/158134/BALSAMO-HIDRATANTE-02-PEACH.jpg.jpg
031015,Bálsamo hidratante Samy # 03. Rose,158135,BALSAMO-HIDRATANTE-03-ROSE.jpg,BALSAMO-HIDRATANTE-03-ROSE.jpg,https://samycosmetics.vteximg.com.br/arquivos/ids/158135/BALSAMO-HIDRATANTE-03-ROSE.jpg.jpg
031016,Bálsamo hidratante Samy # 04 Confetti,158136,BALSAMO-HIDRATANTE-04-CONFETTI.jpg,BALSAMO-HIDRATANTE-04-CONFETTI.jpg,https://samycosmetics.vteximg.com.br/arquivos/ids/158136/BALSAMO-HIDRATANTE-04-CONFETTI.jpg.jpg
031017,Bálsamo hidratante Samy # 05 Grape,158137,BALSAMO-HIDRATANTE-05-GRAPE.jpg,BALSAMO-HIDRATANTE-05-GRAPE.jpg,https://samycosmetics.vteximg.com.br/arquivos/ids/158137/BALSAMO-HIDRATANTE-05-GRAPE.jpg.jpg
000015,Bálsamo hidratante Samy # 06 Cocoa,158966,cocoa-sin-new,cocoa-sin-new,https://samycosmetics.vteximg.com.br/arquivos/ids/158966/cocoa-sin-new.jpg
000175,Bálsamo hidratante Samy # 07 Wine,158967,balsamo-hidratante-_7,balsamo-hidratante-_7,https://samycosmetics.vteximg.com.br/arquivos/ids/158967/balsamo-hidratante-_7.jpg
132016,Set de brochas x 10 und Rainbow Collection,158141,Brochas-de-colores-SAMY.jpg,Brochas-de-colores-SAMY.jpg,https://samycosmetics.vteximg.com.br/arquivos/ids/158141/Brochas-de-colores-SAMY.jpg.jpg
132016,Set de brochas x 10 und Rainbow Collection,158142,CAJA-DE-BROCHAS-RAINBOW.jpg,CAJA-DE-BROCHAS-RAINBOW.jpg,https://samycosmetics.vteximg.com.br/arquivos/ids/158142/CAJA-DE-BROCHAS-RAINBOW.jpg.jpg
037004,Polvo suelto durazno Samy 8 gr,158146,POLVO-SUELTO-PEACHY.jpg,POLVO-SUELTO-PEACHY.jpg,https://samycosmetics.vteximg.com.br/arquivos/ids/158146/POLVO-SUELTO-PEACHY.jpg.jpg
039049,Paleta X 9 Sombras De Ojos Samy # 14. Nude 2 326,158147,14-Nude-2.jpg,14-Nude-2.jpg,https://samycosmetics.vteximg.com.br/arquivos/ids/158147/14-Nude-2.jpg.jpg
039050,Paleta X 9 Sombras De Ojos Samy # 15. Cosmo,158148,15-COSMOS.jpg,15-COSMOS.jpg,https://samycosmetics.vteximg.com.br/arquivos/ids/158148/15-COSMOS.jpg.jpg
039051,Paleta X 9 Sombras De Ojos Samy # 16. Sunset,158149,16-SUNSET.jpg,16-SUNSET.jpg,https://samycosmetics.vteximg.com.br/arquivos/ids/158149/16-SUNSET.jpg.jpg
039052,Paleta X 9 Sombras De Ojos Samy # 17. Rose 2,158150,ROSE-2.jpg,ROSE-2.jpg,https://samycosmetics.vteximg.com.br/arquivos/ids/158150/ROSE-2.jpg.jpg
039053,Paleta X 9 Sombras De Ojos Samy # 18. Bronze 2,158151,BRONZE-2.jpg,BRONZE-2.jpg,https://samycosmetics.vteximg.com.br/arquivos/ids/158151/BRONZE-2.jpg.jpg
039054,Paleta X 9 Sombras De Ojos Samy # 19. Nude 3,158152,NUDE-3.jpg,NUDE-3.jpg,https://samycosmetics.vteximg.com.br/arquivos/ids/158152/NUDE-3.jpg.jpg
220805,Sérum para cejas y pestañas Samy,158153,BALSAMO-PARA-CEJAS-Y-PESTANAS-WEB.jpg,BALSAMO-PARA-CEJAS-Y-PESTANAS-WEB.jpg,https://samycosmetics.vteximg.com.br/arquivos/ids/158153/BALSAMO-PARA-CEJAS-Y-PESTANAS-WEB.jpg.jpg
220805,Sérum para cejas y pestañas Samy,158154,CAJA-SERUM-PARA-CEJAS-Y-PESTANAS.jpg,CAJA-SERUM-PARA-CEJAS-Y-PESTANAS.jpg,https://samycosmetics.vteximg.com.br/arquivos/ids/158154/CAJA-SERUM-PARA-CEJAS-Y-PESTANAS.jpg.jpg
000210,F7- Brocha retráctil para el rostro,158998,brocha-retractil-abierto-1200-x-1200,brocha-retractil-abierto-1200-x-1200,https://samycosmetics.vteximg.com.br/arquivos/ids/158998/brocha-retractil-abierto-1200-x-1200.jpg
000210,F7- Brocha retráctil para el rostro,158999,brocha-retractil-cerrado-1200-x-1200,brocha-retractil-cerrado-1200-x-1200,https://samycosmetics.vteximg.com.br/arquivos/ids/158999/brocha-retractil-cerrado-1200-x-1200.jpg
000210,F7- Brocha retráctil para el rostro,159000,brocha-retractil-F7,brocha-retractil-F7,https://samycosmetics.vteximg.com.br/arquivos/ids/159000/brocha-retractil-F7.jpg
045016,Polvo suelto iluminador # 01,158187,ILUMINADOR-SUELTO--01-CELESTIAL.jpg,ILUMINADOR-SUELTO--01-CELESTIAL.jpg,https://samycosmetics.vteximg.com.br/arquivos/ids/158187/ILUMINADOR-SUELTO--01-CELESTIAL.jpg.jpg
045016,Polvo suelto iluminador # 01,158188,iluminador-tono.jpg,iluminador-tono.jpg,https://samycosmetics.vteximg.com.br/arquivos/ids/158188/iluminador-tono.jpg.jpg
045016,Polvo suelto iluminador # 01,158189,iluminador-tonos.jpg,iluminador-tonos.jpg,https://samycosmetics.vteximg.com.br/arquivos/ids/158189/iluminador-tonos.jpg.jpg
045017,Polvo suelto iluminador # 02,158190,ILUMINADOR-SUELTO--02-GOLDEN-HOUR.jpg,ILUMINADOR-SUELTO--02-GOLDEN-HOUR.jpg,https://samycosmetics.vteximg.com.br/arquivos/ids/158190/ILUMINADOR-SUELTO--02-GOLDEN-HOUR.jpg.jpg
045017,Polvo suelto iluminador # 02,158191,iluminador-tono.jpg,iluminador-tono.jpg,https://samycosmetics.vteximg.com.br/arquivos/ids/158191/iluminador-tono.jpg.jpg
045017,Polvo suelto iluminador # 02,158192,iluminador-tonos.jpg,iluminador-tonos.jpg,https://samycosmetics.vteximg.com.br/arquivos/ids/158192/iluminador-tonos.jpg.jpg
045018,Polvo suelto iluminador # 03,158193,ILUMINADOR-SUELTO--03-QUARTZ-DREAM.jpg,ILUMINADOR-SUELTO--03-QUARTZ-DREAM.jpg,https://samycosmetics.vteximg.com.br/arquivos/ids/158193/ILUMINADOR-SUELTO--03-QUARTZ-DREAM.jpg.jpg
045018,Polvo suelto iluminador # 03,158194,iluminador-tono.jpg,iluminador-tono.jpg,https://samycosmetics.vteximg.com.br/arquivos/ids/158194/iluminador-tono.jpg.jpg
045018,Polvo suelto iluminador # 03,158195,iluminador-tonos.jpg,iluminador-tonos.jpg,https://samycosmetics.vteximg.com.br/arquivos/ids/158195/iluminador-tonos.jpg.jpg
045019,Polvo suelto iluminador # 04,158196,ILUMINADOR-SUELTO--04-LOVE-POTION.jpg,ILUMINADOR-SUELTO--04-LOVE-POTION.jpg,https://samycosmetics.vteximg.com.br/arquivos/ids/158196/ILUMINADOR-SUELTO--04-LOVE-POTION.jpg.jpg
045019,Polvo suelto iluminador # 04,158197,iluminador-tono.jpg,iluminador-tono.jpg,https://samycosmetics.vteximg.com.br/arquivos/ids/158197/iluminador-tono.jpg.jpg
045019,Polvo suelto iluminador # 04,158198,iluminador-tonos.jpg,iluminador-tonos.jpg,https://samycosmetics.vteximg.com.br/arquivos/ids/158198/iluminador-tonos.jpg.jpg
045020,Polvo suelto iluminador # 05,158199,ILUMINADOR-SUELTO--05-AMETHYST.jpg,ILUMINADOR-SUELTO--05-AMETHYST.jpg,https://samycosmetics.vteximg.com.br/arquivos/ids/158199/ILUMINADOR-SUELTO--05-AMETHYST.jpg.jpg
045020,Polvo suelto iluminador # 05,158200,iluminador-tono.jpg,iluminador-tono.jpg,https://samycosmetics.vteximg.com.br/arquivos/ids/158200/iluminador-tono.jpg.jpg
045020,Polvo suelto iluminador # 05,158201,iluminador-tonos.jpg,iluminador-tonos.jpg,https://samycosmetics.vteximg.com.br/arquivos/ids/158201/iluminador-tonos.jpg.jpg
057023,Toallitas desmaquillantes 20 unidades Byph,158202,TOALLITAS-DESMAQ-ALOE-20-UND-BYPH.jpg,TOALLITAS-DESMAQ-ALOE-20-UND-BYPH.jpg,https://samycosmetics.vteximg.com.br/arquivos/ids/158202/TOALLITAS-DESMAQ-ALOE-20-UND-BYPH.jpg.jpg
280112,Lápiz delineador de cejas KF #01. Ligth Brown,158559,DELINEADOR-CEJAS-KF-01.jpg,DELINEADOR-CEJAS-KF-01.jpg,https://samycosmetics.vteximg.com.br/arquivos/ids/158559/DELINEADOR-CEJAS-KF-01.jpg.jpg
280112,Lápiz delineador de cejas KF #01. Ligth Brown,158560,Lapiz-para-cejas-01--sombra,Lapiz-para-cejas-01--sombra,https://samycosmetics.vteximg.com.br/arquivos/ids/158560/Lapiz-para-cejas-01--sombra.jpg
280112,Lápiz delineador de cejas KF #01. Ligth Brown,158561,DELINEADOR-CEJAS-KF-01-SIN-TAPA.jpg,DELINEADOR-CEJAS-KF-01-SIN-TAPA.jpg,https://samycosmetics.vteximg.com.br/arquivos/ids/158561/DELINEADOR-CEJAS-KF-01-SIN-TAPA.jpg.jpg
280113,Lápiz delineador de cejas KF ## 02. Medium Brown,158562,DELIENADOR-CEJAS-KF-02.jpg,DELIENADOR-CEJAS-KF-02.jpg,https://samycosmetics.vteximg.com.br/arquivos/ids/158562/DELIENADOR-CEJAS-KF-02.jpg.jpg
280113,Lápiz delineador de cejas KF ## 02. Medium Brown,158563,Lapiz-para-cejas-02--sombra,Lapiz-para-cejas-02--sombra,https://samycosmetics.vteximg.com.br/arquivos/ids/158563/Lapiz-para-cejas-02--sombra.jpg
280113,Lápiz delineador de cejas KF ## 02. Medium Brown,158564,DELINEADOR-CEJAS-KF-02-SIN-TAPA.jpg,DELINEADOR-CEJAS-KF-02-SIN-TAPA.jpg,https://samycosmetics.vteximg.com.br/arquivos/ids/158564/DELINEADOR-CEJAS-KF-02-SIN-TAPA.jpg.jpg
280114,Lápiz delineador de cejas KF #03. Dark Brown,158565,DELINEADOR-DE-CEJAS-KF-03.jpg,DELINEADOR-DE-CEJAS-KF-03.jpg,https://samycosmetics.vteximg.com.br/arquivos/ids/158565/DELINEADOR-DE-CEJAS-KF-03.jpg.jpg
280114,Lápiz delineador de cejas KF #03. Dark Brown,158566,Lapiz-para-cejas-03--sombra,Lapiz-para-cejas-03--sombra,https://samycosmetics.vteximg.com.br/arquivos/ids/158566/Lapiz-para-cejas-03--sombra.jpg
280114,Lápiz delineador de cejas KF #03. Dark Brown,158567,DELINEADOR-CEJAS-KF-03-SIN-TAPA.jpg,DELINEADOR-CEJAS-KF-03-SIN-TAPA.jpg,https://samycosmetics.vteximg.com.br/arquivos/ids/158567/DELINEADOR-CEJAS-KF-03-SIN-TAPA.jpg.jpg
280091,LAPIZ DEL SUAVE KF SMOOTH PENCIL # 01,158568,LAPICES-DELINEADORES-KF-01-SIN-TAPA.jpg,LAPICES-DELINEADORES-KF-01-SIN-TAPA.jpg,https://samycosmetics.vteximg.com.br/arquivos/ids/158568/LAPICES-DELINEADORES-KF-01-SIN-TAPA.jpg.jpg
280091,LAPIZ DEL SUAVE KF SMOOTH PENCIL # 01,158569,lapiz-con-sacapunta-01--sombra,lapiz-con-sacapunta-01--sombra,https://samycosmetics.vteximg.com.br/arquivos/ids/158569/lapiz-con-sacapunta-01--sombra.jpg
280091,LAPIZ DEL SUAVE KF SMOOTH PENCIL # 01,158570,LAPICES-DELINEADORES-KF-01.jpg,LAPICES-DELINEADORES-KF-01.jpg,https://samycosmetics.vteximg.com.br/arquivos/ids/158570/LAPICES-DELINEADORES-KF-01.jpg.jpg
280092,LAPIZ DEL SUAVE KF SMOOTH PENCIL # 02,158571,LAPICES-DELINEADORES-KF-02-SIN-TAPA.jpg,LAPICES-DELINEADORES-KF-02-SIN-TAPA.jpg,https://samycosmetics.vteximg.com.br/arquivos/ids/158571/LAPICES-DELINEADORES-KF-02-SIN-TAPA.jpg.jpg
280092,LAPIZ DEL SUAVE KF SMOOTH PENCIL # 02,158572,lapiz-con-sacapunta-02--sombra,lapiz-con-sacapunta-02--sombra,https://samycosmetics.vteximg.com.br/arquivos/ids/158572/lapiz-con-sacapunta-02--sombra.jpg
280092,LAPIZ DEL SUAVE KF SMOOTH PENCIL # 02,158573,LAPICES-DELINEADORES-KF-02.jpg,LAPICES-DELINEADORES-KF-02.jpg,https://samycosmetics.vteximg.com.br/arquivos/ids/158573/LAPICES-DELINEADORES-KF-02.jpg.jpg
280093,LAPIZ DEL SUAVE KF SMOOTH PENCIL # 03,158574,LAPICES-DELINEADORES-KF-03-SIN-TAPA.jpg,LAPICES-DELINEADORES-KF-03-SIN-TAPA.jpg,https://samycosmetics.vteximg.com.br/arquivos/ids/158574/LAPICES-DELINEADORES-KF-03-SIN-TAPA.jpg.jpg
280093,LAPIZ DEL SUAVE KF SMOOTH PENCIL # 03,158575,lapiz-con-sacapunta-03--sombra,lapiz-con-sacapunta-03--sombra,https://samycosmetics.vteximg.com.br/arquivos/ids/158575/lapiz-con-sacapunta-03--sombra.jpg
280093,LAPIZ DEL SUAVE KF SMOOTH PENCIL # 03,158576,LAPICES-DELINEADORES-KF-03.jpg,LAPICES-DELINEADORES-KF-03.jpg,https://samycosmetics.vteximg.com.br/arquivos/ids/158576/LAPICES-DELINEADORES-KF-03.jpg.jpg
280094,LAPIZ DEL SUAVE KF SMOOTH PENCIL # 04,158577,LAPICES-DELINEADORES-KF-04-SIN-TAPA.jpg,LAPICES-DELINEADORES-KF-04-SIN-TAPA.jpg,https://samycosmetics.vteximg.com.br/arquivos/ids/158577/LAPICES-DELINEADORES-KF-04-SIN-TAPA.jpg.jpg
280094,LAPIZ DEL SUAVE KF SMOOTH PENCIL # 04,158578,lapiz-con-sacapunta-04--sombra,lapiz-con-sacapunta-04--sombra,https://samycosmetics.vteximg.com.br/arquivos/ids/158578/lapiz-con-sacapunta-04--sombra.jpg
280094,LAPIZ DEL SUAVE KF SMOOTH PENCIL # 04,158579,LAPICES-DELINEADORES-KF-04.jpg,LAPICES-DELINEADORES-KF-04.jpg,https://samycosmetics.vteximg.com.br/arquivos/ids/158579/LAPICES-DELINEADORES-KF-04.jpg.jpg
280095,LAPIZ DEL SUAVE KF SMOOTH PENCIL # 05,158580,LAPICES-DELINEADORES-KF-05-SIN-TAPA.jpg,LAPICES-DELINEADORES-KF-05-SIN-TAPA.jpg,https://samycosmetics.vteximg.com.br/arquivos/ids/158580/LAPICES-DELINEADORES-KF-05-SIN-TAPA.jpg.jpg
280095,LAPIZ DEL SUAVE KF SMOOTH PENCIL # 05,158581,lapiz-con-sacapunta-05--sombra,lapiz-con-sacapunta-05--sombra,https://samycosmetics.vteximg.com.br/arquivos/ids/158581/lapiz-con-sacapunta-05--sombra.jpg
280095,LAPIZ DEL SUAVE KF SMOOTH PENCIL # 05,158582,LAPICES-DELINEADORES-KF-05.jpg,LAPICES-DELINEADORES-KF-05.jpg,https://samycosmetics.vteximg.com.br/arquivos/ids/158582/LAPICES-DELINEADORES-KF-05.jpg.jpg
280096,LAPIZ DEL SUAVE KF SMOOTH PENCIL # 06,158583,LAPICES-DELINEADORES-KF-06-SIN-TAPA.jpg,LAPICES-DELINEADORES-KF-06-SIN-TAPA.jpg,https://samycosmetics.vteximg.com.br/arquivos/ids/158583/LAPICES-DELINEADORES-KF-06-SIN-TAPA.jpg.jpg
280096,LAPIZ DEL SUAVE KF SMOOTH PENCIL # 06,158584,lapiz-con-sacapunta-06--sombra,lapiz-con-sacapunta-06--sombra,https://samycosmetics.vteximg.com.br/arquivos/ids/158584/lapiz-con-sacapunta-06--sombra.jpg
280096,LAPIZ DEL SUAVE KF SMOOTH PENCIL # 06,158585,LAPICES-DELINEADORES-KF-06.jpg,LAPICES-DELINEADORES-KF-06.jpg,https://samycosmetics.vteximg.com.br/arquivos/ids/158585/LAPICES-DELINEADORES-KF-06.jpg.jpg
280097,LAPIZ DEL SUAVE KF SMOOTH PENCIL # 07,158586,LAPICES-DELINEADORES-KF-07-SIN-TAPA.jpg,LAPICES-DELINEADORES-KF-07-SIN-TAPA.jpg,https://samycosmetics.vteximg.com.br/arquivos/ids/158586/LAPICES-DELINEADORES-KF-07-SIN-TAPA.jpg.jpg
280097,LAPIZ DEL SUAVE KF SMOOTH PENCIL # 07,158587,lapiz-con-sacapunta-07--sombra,lapiz-con-sacapunta-07--sombra,https://samycosmetics.vteximg.com.br/arquivos/ids/158587/lapiz-con-sacapunta-07--sombra.jpg
280097,LAPIZ DEL SUAVE KF SMOOTH PENCIL # 07,158588,LAPICES-DELINEADORES-KF-07.jpg,LAPICES-DELINEADORES-KF-07.jpg,https://samycosmetics.vteximg.com.br/arquivos/ids/158588/LAPICES-DELINEADORES-KF-07.jpg.jpg
280098,LAPIZ DEL SUAVE KF SMOOTH PENCIL # 08,158589,LAPICES-DELINEADORES-KF-08-SIN-TAPA.jpg,LAPICES-DELINEADORES-KF-08-SIN-TAPA.jpg,https://samycosmetics.vteximg.com.br/arquivos/ids/158589/LAPICES-DELINEADORES-KF-08-SIN-TAPA.jpg.jpg
280098,LAPIZ DEL SUAVE KF SMOOTH PENCIL # 08,158590,lapiz-con-sacapunta-09--sombra,lapiz-con-sacapunta-09--sombra,https://samycosmetics.vteximg.com.br/arquivos/ids/158590/lapiz-con-sacapunta-09--sombra.jpg
280098,LAPIZ DEL SUAVE KF SMOOTH PENCIL # 08,158591,LAPICES-DELINEADORES-KF-08.jpg,LAPICES-DELINEADORES-KF-08.jpg,https://samycosmetics.vteximg.com.br/arquivos/ids/158591/LAPICES-DELINEADORES-KF-08.jpg.jpg
280099,LAPIZ DEL SUAVE KF SMOOTH PENCIL # 09,158592,LAPICES-DELINEADORES-KF-09-SIN-TAPA.jpg,LAPICES-DELINEADORES-KF-09-SIN-TAPA.jpg,https://samycosmetics.vteximg.com.br/arquivos/ids/158592/LAPICES-DELINEADORES-KF-09-SIN-TAPA.jpg.jpg
280099,LAPIZ DEL SUAVE KF SMOOTH PENCIL # 09,158593,lapiz-con-sacapunta-09--sombra,lapiz-con-sacapunta-09--sombra,https://samycosmetics.vteximg.com.br/arquivos/ids/158593/lapiz-con-sacapunta-09--sombra.jpg
280099,LAPIZ DEL SUAVE KF SMOOTH PENCIL # 09,158594,LAPICES-DELINEADORES-KF-09.jpg,LAPICES-DELINEADORES-KF-09.jpg,https://samycosmetics.vteximg.com.br/arquivos/ids/158594/LAPICES-DELINEADORES-KF-09.jpg.jpg
280100,LAPIZ DEL SUAVE KF SMOOTH PENCIL # 10,158595,LAPICES-DELINEADORES-KF-10-SIN-TAPA.jpg,LAPICES-DELINEADORES-KF-10-SIN-TAPA.jpg,https://samycosmetics.vteximg.com.br/arquivos/ids/158595/LAPICES-DELINEADORES-KF-10-SIN-TAPA.jpg.jpg
280100,LAPIZ DEL SUAVE KF SMOOTH PENCIL # 10,158596,lapiz-con-sacapunta-10--sombra,lapiz-con-sacapunta-10--sombra,https://samycosmetics.vteximg.com.br/arquivos/ids/158596/lapiz-con-sacapunta-10--sombra.jpg
280100,LAPIZ DEL SUAVE KF SMOOTH PENCIL # 10,158597,LAPICES-DELINEADORES-KF-10.jpg,LAPICES-DELINEADORES-KF-10.jpg,https://samycosmetics.vteximg.com.br/arquivos/ids/158597/LAPICES-DELINEADORES-KF-10.jpg.jpg
280101,LAPIZ DEL SUAVE KF SMOOTH PENCIL # 11,158598,LAPICES-DELINEADORES-KF-11-SIN-TAPA.jpg,LAPICES-DELINEADORES-KF-11-SIN-TAPA.jpg,https://samycosmetics.vteximg.com.br/arquivos/ids/158598/LAPICES-DELINEADORES-KF-11-SIN-TAPA.jpg.jpg
280101,LAPIZ DEL SUAVE KF SMOOTH PENCIL # 11,158599,lapiz-con-sacapunta-11--sombra,lapiz-con-sacapunta-11--sombra,https://samycosmetics.vteximg.com.br/arquivos/ids/158599/lapiz-con-sacapunta-11--sombra.jpg
280101,LAPIZ DEL SUAVE KF SMOOTH PENCIL # 11,158600,LAPICES-DELINEADORES-KF-11.jpg,LAPICES-DELINEADORES-KF-11.jpg,https://samycosmetics.vteximg.com.br/arquivos/ids/158600/LAPICES-DELINEADORES-KF-11.jpg.jpg
000228,LAPIZ DEL SUAVE KF SMOOTH PENCIL # 12,159023,12-lapiz-late,12-lapiz-late,https://samycosmetics.vteximg.com.br/arquivos/ids/159023/12-lapiz-late.jpg
000229,LAPIZ DEL SUAVE KF SMOOTH PENCIL # 13,159024,13-lapiz-cocoa,13-lapiz-cocoa,https://samycosmetics.vteximg.com.br/arquivos/ids/159024/13-lapiz-cocoa.jpg
000230,LAPIZ DEL SUAVE KF SMOOTH PENCIL # 14,159025,14-lapiz-flamingo,14-lapiz-flamingo,https://samycosmetics.vteximg.com.br/arquivos/ids/159025/14-lapiz-flamingo.jpg
000231,LAPIZ DEL SUAVE KF SMOOTH PENCIL # 15,159026,15-lapiz-magenta,15-lapiz-magenta,https://samycosmetics.vteximg.com.br/arquivos/ids/159026/15-lapiz-magenta.jpg
000232,LAPIZ DEL SUAVE KF SMOOTH PENCIL # 16,159027,16-lapiz-celeste,16-lapiz-celeste,https://samycosmetics.vteximg.com.br/arquivos/ids/159027/16-lapiz-celeste.jpg
001341,Crema Facial Reparadora Samy,158268,CREMA-REPARADORA.jpg,CREMA-REPARADORA.jpg,https://samycosmetics.vteximg.com.br/arquivos/ids/158268/CREMA-REPARADORA.jpg.jpg
001341,Crema Facial Reparadora Samy,158269,CAJA-CREMA-REPARADORA2.jpg,CAJA-CREMA-REPARADORA2.jpg,https://samycosmetics.vteximg.com.br/arquivos/ids/158269/CAJA-CREMA-REPARADORA2.jpg.jpg
001342,Crema Facial Revitalizante Samy,158270,CREMA-REVITALIZANTE.jpg,CREMA-REVITALIZANTE.jpg,https://samycosmetics.vteximg.com.br/arquivos/ids/158270/CREMA-REVITALIZANTE.jpg.jpg
001342,Crema Facial Revitalizante Samy,158271,CAJA-CREMA-REVITALIZANTE2.jpg,CAJA-CREMA-REVITALIZANTE2.jpg,https://samycosmetics.vteximg.com.br/arquivos/ids/158271/CAJA-CREMA-REVITALIZANTE2.jpg.jpg
053101,Rubor Compacto Dúo Samy #01,158272,TONO-1---ROSE-BROWN,TONO-1---ROSE-BROWN,https://samycosmetics.vteximg.com.br/arquivos/ids/158272/TONO-1---ROSE-BROWN.jpg
053102,Rubor Compacto Dúo Samy #02,158273,TONO-2---PINK,TONO-2---PINK,https://samycosmetics.vteximg.com.br/arquivos/ids/158273/TONO-2---PINK.jpg
053103,Rubor Compacto Dúo Samy #03,158274,TONO-3---ORANGE,TONO-3---ORANGE,https://samycosmetics.vteximg.com.br/arquivos/ids/158274/TONO-3---ORANGE.jpg
053105,Rubor Compacto Dúo Samy #05,158275,TONO-5---BRONZE,TONO-5---BRONZE,https://samycosmetics.vteximg.com.br/arquivos/ids/158275/TONO-5---BRONZE.jpg
053106,Rubor Compacto Dúo Samy #06,158276,TONO-6---AMBER-ROSE,TONO-6---AMBER-ROSE,https://samycosmetics.vteximg.com.br/arquivos/ids/158276/TONO-6---AMBER-ROSE.jpg
053107,Rubor Compacto Dúo Samy #07,158277,TONO-7---LILY,TONO-7---LILY,https://samycosmetics.vteximg.com.br/arquivos/ids/158277/TONO-7---LILY.jpg
053108,Rubor Compacto Dúo Samy #08,158278,TONO-8---GODDESS,TONO-8---GODDESS,https://samycosmetics.vteximg.com.br/arquivos/ids/158278/TONO-8---GODDESS.jpg
053109,Rubor Compacto Dúo Samy #09,158279,TONO-9---NOVA,TONO-9---NOVA,https://samycosmetics.vteximg.com.br/arquivos/ids/158279/TONO-9---NOVA.jpg
057024,Shampoo 2 en 1 para todo tipo de cabello Byphasse,158288,Shampooo-2-en-1-Papaya-Fruta-de-la-Pasion-y-Mango,Shampooo-2-en-1-Papaya-Fruta-de-la-Pasion-y-Mango,https://samycosmetics.vteximg.com.br/arquivos/ids/158288/Shampooo-2-en-1-Papaya-Fruta-de-la-Pasion-y-Mango.jpg
057025,Mascarilla Capilar Papaya Byphasse,158289,Mascarilla-Papaya-Fruta-de-la-Pasion-y-Mango,Mascarilla-Papaya-Fruta-de-la-Pasion-y-Mango,https://samycosmetics.vteximg.com.br/arquivos/ids/158289/Mascarilla-Papaya-Fruta-de-la-Pasion-y-Mango.jpg
057026,Acondicionador Aguacate Cabello Seco Byphasse,158290,Acondicionador-de-Aguacate,Acondicionador-de-Aguacate,https://samycosmetics.vteximg.com.br/arquivos/ids/158290/Acondicionador-de-Aguacate.jpg
057027,Acondicionador Coco Cabello Tinturado Byphasse,158291,Acondicionador-coco,Acondicionador-coco,https://samycosmetics.vteximg.com.br/arquivos/ids/158291/Acondicionador-coco.jpg
057028,Espuma Definición De Rizos Byphasse,159426,ok_miniatura_espuma,ok_miniatura_espuma,https://samycosmetics.vteximg.com.br/arquivos/ids/159426/ok_miniatura_espuma.jpg
057029,Crema Facial Ultrahidrante Hialuronico Byphasse,158293,Crema-Ultra-Hidratante,Crema-Ultra-Hidratante,https://samycosmetics.vteximg.com.br/arquivos/ids/158293/Crema-Ultra-Hidratante.jpg
057029,Crema Facial Ultrahidrante Hialuronico Byphasse,158294,Caja-Crema-Ultra-Hidratante,Caja-Crema-Ultra-Hidratante,https://samycosmetics.vteximg.com.br/arquivos/ids/158294/Caja-Crema-Ultra-Hidratante.jpg
057030,Bálsamo Hidratante De Labios Byphasse,158295,Balsamo-Hidratante-para-Labios-Melon,Balsamo-Hidratante-para-Labios-Melon,https://samycosmetics.vteximg.com.br/arquivos/ids/158295/Balsamo-Hidratante-para-Labios-Melon.jpg
032301,Tinta en crema # 01,158326,TONO-1,TONO-1,https://samycosmetics.vteximg.com.br/arquivos/ids/158326/TONO-1.jpg
032301,Tinta en crema # 01,158327,Tono-1-PinkyPeach,Tono-1-PinkyPeach,https://samycosmetics.vteximg.com.br/arquivos/ids/158327/Tono-1-PinkyPeach.jpg
032301,Tinta en crema # 01,158328,TINTAS-SITIO-WEB,TINTAS-SITIO-WEB,https://samycosmetics.vteximg.com.br/arquivos/ids/158328/TINTAS-SITIO-WEB.jpg
032302,Tinta en crema # 02,158329,TONO-2,TONO-2,https://samycosmetics.vteximg.com.br/arquivos/ids/158329/TONO-2.jpg
032302,Tinta en crema # 02,158330,Tono-2-cakepop-,Tono-2-cakepop-,https://samycosmetics.vteximg.com.br/arquivos/ids/158330/Tono-2-cakepop-.jpg
032302,Tinta en crema # 02,158331,TINTAS-SITIO-WEB,TINTAS-SITIO-WEB,https://samycosmetics.vteximg.com.br/arquivos/ids/158331/TINTAS-SITIO-WEB.jpg
032303,Tinta en crema # 03,158332,TONO-3,TONO-3,https://samycosmetics.vteximg.com.br/arquivos/ids/158332/TONO-3.jpg
032303,Tinta en crema # 03,158333,Tono-3-marshmallow,Tono-3-marshmallow,https://samycosmetics.vteximg.com.br/arquivos/ids/158333/Tono-3-marshmallow.jpg
032303,Tinta en crema # 03,158334,TINTAS-SITIO-WEB,TINTAS-SITIO-WEB,https://samycosmetics.vteximg.com.br/arquivos/ids/158334/TINTAS-SITIO-WEB.jpg
032304,Tinta en crema # 04,158335,TONO-4,TONO-4,https://samycosmetics.vteximg.com.br/arquivos/ids/158335/TONO-4.jpg
032304,Tinta en crema # 04,158336,Tono-4-lollipop,Tono-4-lollipop,https://samycosmetics.vteximg.com.br/arquivos/ids/158336/Tono-4-lollipop.jpg
032304,Tinta en crema # 04,158337,TINTAS-SITIO-WEB,TINTAS-SITIO-WEB,https://samycosmetics.vteximg.com.br/arquivos/ids/158337/TINTAS-SITIO-WEB.jpg
032305,Tinta en crema # 05,158338,TONO-5,TONO-5,https://samycosmetics.vteximg.com.br/arquivos/ids/158338/TONO-5.jpg
032305,Tinta en crema # 05,158339,Tono-5-Jelly,Tono-5-Jelly,https://samycosmetics.vteximg.com.br/arquivos/ids/158339/Tono-5-Jelly.jpg
032305,Tinta en crema # 05,158340,TINTAS-SITIO-WEB,TINTAS-SITIO-WEB,https://samycosmetics.vteximg.com.br/arquivos/ids/158340/TINTAS-SITIO-WEB.jpg
032306,Tinta en crema # 06,158341,TONO-6,TONO-6,https://samycosmetics.vteximg.com.br/arquivos/ids/158341/TONO-6.jpg
032306,Tinta en crema # 06,158342,Tono-6-Cherry,Tono-6-Cherry,https://samycosmetics.vteximg.com.br/arquivos/ids/158342/Tono-6-Cherry.jpg
032306,Tinta en crema # 06,158343,TINTAS-SITIO-WEB,TINTAS-SITIO-WEB,https://samycosmetics.vteximg.com.br/arquivos/ids/158343/TINTAS-SITIO-WEB.jpg
032307,Tinta en crema # 07,158344,TONO-7,TONO-7,https://samycosmetics.vteximg.com.br/arquivos/ids/158344/TONO-7.jpg
032307,Tinta en crema # 07,158345,Tono-7-cookie,Tono-7-cookie,https://samycosmetics.vteximg.com.br/arquivos/ids/158345/Tono-7-cookie.jpg
032307,Tinta en crema # 07,158346,TINTAS-SITIO-WEB,TINTAS-SITIO-WEB,https://samycosmetics.vteximg.com.br/arquivos/ids/158346/TINTAS-SITIO-WEB.jpg
032308,Tinta en crema # 08,158347,TONO-8,TONO-8,https://samycosmetics.vteximg.com.br/arquivos/ids/158347/TONO-8.jpg
032308,Tinta en crema # 08,158348,Tono-8-Chocolate,Tono-8-Chocolate,https://samycosmetics.vteximg.com.br/arquivos/ids/158348/Tono-8-Chocolate.jpg
032308,Tinta en crema # 08,158349,TINTAS-SITIO-WEB,TINTAS-SITIO-WEB,https://samycosmetics.vteximg.com.br/arquivos/ids/158349/TINTAS-SITIO-WEB.jpg
032309,Tinta en crema # 09,158350,TONO-9,TONO-9,https://samycosmetics.vteximg.com.br/arquivos/ids/158350/TONO-9.jpg
032309,Tinta en crema # 09,158351,Tono-9-Brownie,Tono-9-Brownie,https://samycosmetics.vteximg.com.br/arquivos/ids/158351/Tono-9-Brownie.jpg
032309,Tinta en crema # 09,158352,TINTAS-SITIO-WEB,TINTAS-SITIO-WEB,https://samycosmetics.vteximg.com.br/arquivos/ids/158352/TINTAS-SITIO-WEB.jpg
132018,Set de brochas x 10 und Soft Glam,158353,SOFT-GLAM-Collection-,SOFT-GLAM-Collection-,https://samycosmetics.vteximg.com.br/arquivos/ids/158353/SOFT-GLAM-Collection-.jpg
132018,Set de brochas x 10 und Soft Glam,158354,Soft-Glam-Collection_2,Soft-Glam-Collection_2,https://samycosmetics.vteximg.com.br/arquivos/ids/158354/Soft-Glam-Collection_2.jpg
132018,Set de brochas x 10 und Soft Glam,158355,Soft-Glam-Collection_1,Soft-Glam-Collection_1,https://samycosmetics.vteximg.com.br/arquivos/ids/158355/Soft-Glam-Collection_1.jpg
132018,Set de brochas x 10 und Soft Glam,158356,Soft-Glam-Collection---Bolsa,Soft-Glam-Collection---Bolsa,https://samycosmetics.vteximg.com.br/arquivos/ids/158356/Soft-Glam-Collection---Bolsa.jpg
132017,Set de brochas Sunset Glam Samy,158401,BROCHAS-X10-UND---SUNSET-GLAM,BROCHAS-X10-UND---SUNSET-GLAM,https://samycosmetics.vteximg.com.br/arquivos/ids/158401/BROCHAS-X10-UND---SUNSET-GLAM.jpg
132017,Set de brochas Sunset Glam Samy,158402,ENFOQUE-1-BROCHAS-X10-UND---SUNSET-GLAM,ENFOQUE-1-BROCHAS-X10-UND---SUNSET-GLAM,https://samycosmetics.vteximg.com.br/arquivos/ids/158402/ENFOQUE-1-BROCHAS-X10-UND---SUNSET-GLAM.jpg
132017,Set de brochas Sunset Glam Samy,158403,ENFOQUE-2-BROCHAS-X10-UND---SUNSET-GLAM,ENFOQUE-2-BROCHAS-X10-UND---SUNSET-GLAM,https://samycosmetics.vteximg.com.br/arquivos/ids/158403/ENFOQUE-2-BROCHAS-X10-UND---SUNSET-GLAM.jpg
039101,Paleta sombras Sunset Glam x 30 Samy,158404,PALETA-X30--SUNSET-GLAM,PALETA-X30--SUNSET-GLAM,https://samycosmetics.vteximg.com.br/arquivos/ids/158404/PALETA-X30--SUNSET-GLAM.jpg
039101,Paleta sombras Sunset Glam x 30 Samy,158473,swatches-paleta-1200x1200,swatches-paleta-1200x1200,https://samycosmetics.vteximg.com.br/arquivos/ids/158473/swatches-paleta-1200x1200.jpg
149009,Polvo compacto iluminador Sunset Glam # 01,159003,Iluminador-SUNSET-GLAM--1,Iluminador-SUNSET-GLAM--1,https://samycosmetics.vteximg.com.br/arquivos/ids/159003/Iluminador-SUNSET-GLAM--1.jpg
149009,Polvo compacto iluminador Sunset Glam # 01,159004,Iluminador-abierto-SUNSET-GLAM--1,Iluminador-abierto-SUNSET-GLAM--1,https://samycosmetics.vteximg.com.br/arquivos/ids/159004/Iluminador-abierto-SUNSET-GLAM--1.jpg
149009,Polvo compacto iluminador Sunset Glam # 01,159005,PIEL-CLARA-Tono--1,PIEL-CLARA-Tono--1,https://samycosmetics.vteximg.com.br/arquivos/ids/159005/PIEL-CLARA-Tono--1.jpg
149009,Polvo compacto iluminador Sunset Glam # 01,159006,PIEL-OSCURA-Tono--1,PIEL-OSCURA-Tono--1,https://samycosmetics.vteximg.com.br/arquivos/ids/159006/PIEL-OSCURA-Tono--1.jpg
149010,Polvo compacto iluminador Sunset Glam # 02,159007,Iluminador-SUNSET-GLAM--2,Iluminador-SUNSET-GLAM--2,https://samycosmetics.vteximg.com.br/arquivos/ids/159007/Iluminador-SUNSET-GLAM--2.jpg
149010,Polvo compacto iluminador Sunset Glam # 02,159008,Iluminador-abierto-SUNSET-GLAM--2,Iluminador-abierto-SUNSET-GLAM--2,https://samycosmetics.vteximg.com.br/arquivos/ids/159008/Iluminador-abierto-SUNSET-GLAM--2.jpg
149010,Polvo compacto iluminador Sunset Glam # 02,159009,PIEL-CLARA-Tono--2,PIEL-CLARA-Tono--2,https://samycosmetics.vteximg.com.br/arquivos/ids/159009/PIEL-CLARA-Tono--2.jpg
149010,Polvo compacto iluminador Sunset Glam # 02,159010,PIEL-OSCURA-Tono--2,PIEL-OSCURA-Tono--2,https://samycosmetics.vteximg.com.br/arquivos/ids/159010/PIEL-OSCURA-Tono--2.jpg
149011,Polvo compacto iluminador Sunset Glam # 03,159011,Iluminador-SUNSET-GLAM--3,Iluminador-SUNSET-GLAM--3,https://samycosmetics.vteximg.com.br/arquivos/ids/159011/Iluminador-SUNSET-GLAM--3.jpg
149011,Polvo compacto iluminador Sunset Glam # 03,159012,Iluminador-abierto-SUNSET-GLAM--3,Iluminador-abierto-SUNSET-GLAM--3,https://samycosmetics.vteximg.com.br/arquivos/ids/159012/Iluminador-abierto-SUNSET-GLAM--3.jpg
149011,Polvo compacto iluminador Sunset Glam # 03,159013,PIEL-CLARA-Tono--3,PIEL-CLARA-Tono--3,https://samycosmetics.vteximg.com.br/arquivos/ids/159013/PIEL-CLARA-Tono--3.jpg
149011,Polvo compacto iluminador Sunset Glam # 03,159014,PIEL-OSCURA-Tono--3,PIEL-OSCURA-Tono--3,https://samycosmetics.vteximg.com.br/arquivos/ids/159014/PIEL-OSCURA-Tono--3.jpg
172010,Rubor 2 en 1 Sunset Glam # 01,158413,RUBOR-2-EN-1-CERRADO--1---SUNSET-GLAM,RUBOR-2-EN-1-CERRADO--1---SUNSET-GLAM,https://samycosmetics.vteximg.com.br/arquivos/ids/158413/RUBOR-2-EN-1-CERRADO--1---SUNSET-GLAM.jpg
172010,Rubor 2 en 1 Sunset Glam # 01,158414,RUBOR-2-EN-1--1---SUNSET-GLAM,RUBOR-2-EN-1--1---SUNSET-GLAM,https://samycosmetics.vteximg.com.br/arquivos/ids/158414/RUBOR-2-EN-1--1---SUNSET-GLAM.jpg
172010,Rubor 2 en 1 Sunset Glam # 01,158480,RUBOR-SUNSET-GLAM-PIEL-CLARA-WEB-TONO-1,RUBOR-SUNSET-GLAM-PIEL-CLARA-WEB-TONO-1,https://samycosmetics.vteximg.com.br/arquivos/ids/158480/RUBOR-SUNSET-GLAM-PIEL-CLARA-WEB-TONO-1.jpg
172010,Rubor 2 en 1 Sunset Glam # 01,158481,RUBOR-SUNSET-GLAM-TONO-1-PIEL-OSCURA,RUBOR-SUNSET-GLAM-TONO-1-PIEL-OSCURA,https://samycosmetics.vteximg.com.br/arquivos/ids/158481/RUBOR-SUNSET-GLAM-TONO-1-PIEL-OSCURA.jpg
172011,Rubor 2 en 1 Sunset Glam # 02,158415,RUBOR-2-EN-1-CERRADO--2---SUNSET-GLAM,RUBOR-2-EN-1-CERRADO--2---SUNSET-GLAM,https://samycosmetics.vteximg.com.br/arquivos/ids/158415/RUBOR-2-EN-1-CERRADO--2---SUNSET-GLAM.jpg
172011,Rubor 2 en 1 Sunset Glam # 02,158416,RUBOR-2-EN-1--2---SUNSET-GLAM,RUBOR-2-EN-1--2---SUNSET-GLAM,https://samycosmetics.vteximg.com.br/arquivos/ids/158416/RUBOR-2-EN-1--2---SUNSET-GLAM.jpg
172011,Rubor 2 en 1 Sunset Glam # 02,158482,RUBOR-SUNSET-GLAM-PIEL-CLARA-TONO-2,RUBOR-SUNSET-GLAM-PIEL-CLARA-TONO-2,https://samycosmetics.vteximg.com.br/arquivos/ids/158482/RUBOR-SUNSET-GLAM-PIEL-CLARA-TONO-2.jpg
172011,Rubor 2 en 1 Sunset Glam # 02,158483,RUBOR-SUNSET-GLAM-TONO-2-PIEL-OSCURA,RUBOR-SUNSET-GLAM-TONO-2-PIEL-OSCURA,https://samycosmetics.vteximg.com.br/arquivos/ids/158483/RUBOR-SUNSET-GLAM-TONO-2-PIEL-OSCURA.jpg
172012,Rubor 2 en 1 Sunset Glam # 03,158417,RUBOR-2-EN-1-CERRADO--3---SUNSET-GLAM,RUBOR-2-EN-1-CERRADO--3---SUNSET-GLAM,https://samycosmetics.vteximg.com.br/arquivos/ids/158417/RUBOR-2-EN-1-CERRADO--3---SUNSET-GLAM.jpg
172012,Rubor 2 en 1 Sunset Glam # 03,158418,RUBOR-2-EN-1--3---SUNSET-GLAM,RUBOR-2-EN-1--3---SUNSET-GLAM,https://samycosmetics.vteximg.com.br/arquivos/ids/158418/RUBOR-2-EN-1--3---SUNSET-GLAM.jpg
172012,Rubor 2 en 1 Sunset Glam # 03,158484,RUBOR-SUNSET-GLAM-PIEL-CLARA-TONO-3,RUBOR-SUNSET-GLAM-PIEL-CLARA-TONO-3,https://samycosmetics.vteximg.com.br/arquivos/ids/158484/RUBOR-SUNSET-GLAM-PIEL-CLARA-TONO-3.jpg
172012,Rubor 2 en 1 Sunset Glam # 03,158485,RUBOR-SUNSET-GLAM-TONO-3-PIEL-OSCURA,RUBOR-SUNSET-GLAM-TONO-3-PIEL-OSCURA,https://samycosmetics.vteximg.com.br/arquivos/ids/158485/RUBOR-SUNSET-GLAM-TONO-3-PIEL-OSCURA.jpg
172013,Rubor 2 en 1 Sunset Glam # 04,158419,RUBOR-2-EN-1-CERRADO--4---SUNSET-GLAM,RUBOR-2-EN-1-CERRADO--4---SUNSET-GLAM,https://samycosmetics.vteximg.com.br/arquivos/ids/158419/RUBOR-2-EN-1-CERRADO--4---SUNSET-GLAM.jpg
172013,Rubor 2 en 1 Sunset Glam # 04,158420,RUBOR-2-EN-1--4---SUNSET-GLAM,RUBOR-2-EN-1--4---SUNSET-GLAM,https://samycosmetics.vteximg.com.br/arquivos/ids/158420/RUBOR-2-EN-1--4---SUNSET-GLAM.jpg
172013,Rubor 2 en 1 Sunset Glam # 04,158486,RUBOR-SUNSET-GLAM-PIEL-CLARA-TONO-4,RUBOR-SUNSET-GLAM-PIEL-CLARA-TONO-4,https://samycosmetics.vteximg.com.br/arquivos/ids/158486/RUBOR-SUNSET-GLAM-PIEL-CLARA-TONO-4.jpg
172013,Rubor 2 en 1 Sunset Glam # 04,158487,RUBOR-SUNSET-GLAM-TONO-4-PIEL-OSCURA,RUBOR-SUNSET-GLAM-TONO-4-PIEL-OSCURA,https://samycosmetics.vteximg.com.br/arquivos/ids/158487/RUBOR-SUNSET-GLAM-TONO-4-PIEL-OSCURA.jpg
031030,Bálsamo para labios con péptidos Samy #01,158425,LIP-BALM-PEPTIDE--1--SUNSET-GLAM,LIP-BALM-PEPTIDE--1--SUNSET-GLAM,https://samycosmetics.vteximg.com.br/arquivos/ids/158425/LIP-BALM-PEPTIDE--1--SUNSET-GLAM.jpg
031030,Bálsamo para labios con péptidos Samy #01,158426,Balsamo-para-labios-01,Balsamo-para-labios-01,https://samycosmetics.vteximg.com.br/arquivos/ids/158426/Balsamo-para-labios-01.jpg
031030,Bálsamo para labios con péptidos Samy #01,158427,Balsamo-para-labios-01--2-,Balsamo-para-labios-01--2-,https://samycosmetics.vteximg.com.br/arquivos/ids/158427/Balsamo-para-labios-01--2-.jpg
031031,Bálsamo para labios con péptidos Samy #02,158431,LIP-BALM-PEPTIDE--2-SUNSET-GLAM,LIP-BALM-PEPTIDE--2-SUNSET-GLAM,https://samycosmetics.vteximg.com.br/arquivos/ids/158431/LIP-BALM-PEPTIDE--2-SUNSET-GLAM.jpg
031031,Bálsamo para labios con péptidos Samy #02,158432,Balsamo-para-labios-02,Balsamo-para-labios-02,https://samycosmetics.vteximg.com.br/arquivos/ids/158432/Balsamo-para-labios-02.jpg
031031,Bálsamo para labios con péptidos Samy #02,158433,Balsamo-para-labios-02--2-,Balsamo-para-labios-02--2-,https://samycosmetics.vteximg.com.br/arquivos/ids/158433/Balsamo-para-labios-02--2-.jpg
031032,Bálsamo para labios con péptidos Samy #03,158437,LIP-BALM-PEPTIDE--3-SUNSET-GLAM,LIP-BALM-PEPTIDE--3-SUNSET-GLAM,https://samycosmetics.vteximg.com.br/arquivos/ids/158437/LIP-BALM-PEPTIDE--3-SUNSET-GLAM.jpg
031032,Bálsamo para labios con péptidos Samy #03,158438,Balsamo-para-labios-03,Balsamo-para-labios-03,https://samycosmetics.vteximg.com.br/arquivos/ids/158438/Balsamo-para-labios-03.jpg
031032,Bálsamo para labios con péptidos Samy #03,158439,Balsamo-para-labios-03--2-,Balsamo-para-labios-03--2-,https://samycosmetics.vteximg.com.br/arquivos/ids/158439/Balsamo-para-labios-03--2-.jpg
280121,Bálsamo para labios péptidos KF #101,158619,Balsamo-para-labios-KF-101,Balsamo-para-labios-KF-101,https://samycosmetics.vteximg.com.br/arquivos/ids/158619/Balsamo-para-labios-KF-101.jpg
280121,Bálsamo para labios péptidos KF #101,158620,Balsamo-para-labios-101--sombra,Balsamo-para-labios-101--sombra,https://samycosmetics.vteximg.com.br/arquivos/ids/158620/Balsamo-para-labios-101--sombra.jpg
280121,Bálsamo para labios péptidos KF #101,158621,Balsamo-para-labios-KF-101--2-,Balsamo-para-labios-KF-101--2-,https://samycosmetics.vteximg.com.br/arquivos/ids/158621/Balsamo-para-labios-KF-101--2-.jpg
280122,Bálsamo para labios péptidos KF #101,158616,Balsamo-para-labios-KF-102,Balsamo-para-labios-KF-102,https://samycosmetics.vteximg.com.br/arquivos/ids/158616/Balsamo-para-labios-KF-102.jpg
280122,Bálsamo para labios péptidos KF #101,158617,Balsamo-para-labios-102--sombra,Balsamo-para-labios-102--sombra,https://samycosmetics.vteximg.com.br/arquivos/ids/158617/Balsamo-para-labios-102--sombra.jpg
280122,Bálsamo para labios péptidos KF #101,158618,Balsamo-para-labios-KF-102--2-,Balsamo-para-labios-KF-102--2-,https://samycosmetics.vteximg.com.br/arquivos/ids/158618/Balsamo-para-labios-KF-102--2-.jpg
280123,Bálsamo para labios péptidos KF #101,158613,Balsamo-para-labios-KF-103,Balsamo-para-labios-KF-103,https://samycosmetics.vteximg.com.br/arquivos/ids/158613/Balsamo-para-labios-KF-103.jpg
280123,Bálsamo para labios péptidos KF #101,158614,Balsamo-para-labios-103--sombra,Balsamo-para-labios-103--sombra,https://samycosmetics.vteximg.com.br/arquivos/ids/158614/Balsamo-para-labios-103--sombra.jpg
280123,Bálsamo para labios péptidos KF #101,158615,Balsamo-para-labios-KF-103--2-,Balsamo-para-labios-KF-103--2-,https://samycosmetics.vteximg.com.br/arquivos/ids/158615/Balsamo-para-labios-KF-103--2-.jpg
280177,Delineador de Ojos Precision Eyeliner KF,158622,delineador-de-ojos-kf-web,delineador-de-ojos-kolor-factory-samy-abierto,https://samycosmetics.vteximg.com.br/arquivos/ids/158622/delineador-de-ojos-kf-web.jpg
280177,Delineador de Ojos Precision Eyeliner KF,158623,Delineador-de-ojos--sombra,delineador-de-ojos-kolor-factory-samy-sombra,https://samycosmetics.vteximg.com.br/arquivos/ids/158623/Delineador-de-ojos--sombra.jpg
280177,Delineador de Ojos Precision Eyeliner KF,158624,Caja--delineador-de-ojos-KF,delineador-de-ojos-kolor-factory-samy-cerrado,https://samycosmetics.vteximg.com.br/arquivos/ids/158624/Caja--delineador-de-ojos-KF.jpg
000177,Pareja 1: Polvo Suelto Matte Touch Samy + Pomos triangulares Samy,158498,VITRINAS-PAREJA-1,VITRINAS-PAREJA-1,https://samycosmetics.vteximg.com.br/arquivos/ids/158498/VITRINAS-PAREJA-1.jpg
000177,Pareja 1: Polvo Suelto Matte Touch Samy + Pomos triangulares Samy,158499,VITRINA-PAREJA-1--2,VITRINA-PAREJA-1--2,https://samycosmetics.vteximg.com.br/arquivos/ids/158499/VITRINA-PAREJA-1--2.jpg
000178,Pareja 2: Cera para cejas Samy + Lápiz iluminador de cejas Samy,158502,VITRINA-PAREJA-2,VITRINA-PAREJA-2,https://samycosmetics.vteximg.com.br/arquivos/ids/158502/VITRINA-PAREJA-2.jpg
000178,Pareja 2: Cera para cejas Samy + Lápiz iluminador de cejas Samy,158503,VITRINA-PAREJA-2--2,VITRINA-PAREJA-2--2,https://samycosmetics.vteximg.com.br/arquivos/ids/158503/VITRINA-PAREJA-2--2.jpg
000179,Pareja 3: Sérum para labios Samy Crystal Pearl + Tinta Para Labios Samy # 02. Passion Kiss,158506,VITRINA-PAREJA-3,VITRINA-PAREJA-3,https://samycosmetics.vteximg.com.br/arquivos/ids/158506/VITRINA-PAREJA-3.jpg
000179,Pareja 3: Sérum para labios Samy Crystal Pearl + Tinta Para Labios Samy # 02. Passion Kiss,158507,VITRINA-PAREJA-3--2,VITRINA-PAREJA-3--2,https://samycosmetics.vteximg.com.br/arquivos/ids/158507/VITRINA-PAREJA-3--2.jpg
000180,Pareja 4: Polvo Iluminador Dripping in Diamonds Samy + Fijador de Maquillaje Samy,158510,VITRINA-PAREJA-4,VITRINA-PAREJA-4,https://samycosmetics.vteximg.com.br/arquivos/ids/158510/VITRINA-PAREJA-4.jpg
000180,Pareja 4: Polvo Iluminador Dripping in Diamonds Samy + Fijador de Maquillaje Samy,158511,VITRINA-PAREJA-4--2,VITRINA-PAREJA-4--2,https://samycosmetics.vteximg.com.br/arquivos/ids/158511/VITRINA-PAREJA-4--2.jpg
000181,Pareja 5: Polvo Suelto Rosado Samy + Brillo Voluminizador Pinky Plump Samy,158514,VITRINA-PAREJA-5,VITRINA-PAREJA-5,https://samycosmetics.vteximg.com.br/arquivos/ids/158514/VITRINA-PAREJA-5.jpg
000181,Pareja 5: Polvo Suelto Rosado Samy + Brillo Voluminizador Pinky Plump Samy,158515,VITRINA-PAREJA-5--2,VITRINA-PAREJA-5--2,https://samycosmetics.vteximg.com.br/arquivos/ids/158515/VITRINA-PAREJA-5--2.jpg
000182,Pareja 6: Delineador Catfight Negro Samy  + Paleta 9 Sombras Cosmo Samy,158518,VITRINA-PAREJA-6,VITRINA-PAREJA-6,https://samycosmetics.vteximg.com.br/arquivos/ids/158518/VITRINA-PAREJA-6.jpg
000182,Pareja 6: Delineador Catfight Negro Samy  + Paleta 9 Sombras Cosmo Samy,158519,VITRINA-PAREJA-6--2,VITRINA-PAREJA-6--2,https://samycosmetics.vteximg.com.br/arquivos/ids/158519/VITRINA-PAREJA-6--2.jpg
031019,Sérum Para Labios Samy # 05. Crystal Berry,158529,SERUM-PARA-LABIOS-SAMY---05.-CRYSTAL-BERRY,SERUM-PARA-LABIOS-SAMY---05.-CRYSTAL-BERRY,https://samycosmetics.vteximg.com.br/arquivos/ids/158529/SERUM-PARA-LABIOS-SAMY---05.-CRYSTAL-BERRY.jpg
260025,Pomo De Maquillaje 2 En 1 Samy,158530,POMO-2-EN-1,POMO-2-EN-1,https://samycosmetics.vteximg.com.br/arquivos/ids/158530/POMO-2-EN-1.jpg
260025,Pomo De Maquillaje 2 En 1 Samy,158531,POMO-2-EN-1--Empaque-,POMO-2-EN-1--Empaque-,https://samycosmetics.vteximg.com.br/arquivos/ids/158531/POMO-2-EN-1--Empaque-.jpg
132020,Pad Limpiador De Brochas Flower Samy,158532,1,1,https://samycosmetics.vteximg.com.br/arquivos/ids/158532/1.jpg
132020,Pad Limpiador De Brochas Flower Samy,158533,2,2,https://samycosmetics.vteximg.com.br/arquivos/ids/158533/2.jpg
132021,Pad Limpiador De Brochas Heart Samy,158534,WhatsApp-Image-2025-09-16-at-09.37.53--2-,WhatsApp-Image-2025-09-16-at-09.37.53--2-,https://samycosmetics.vteximg.com.br/arquivos/ids/158534/WhatsApp-Image-2025-09-16-at-09.37.53--2-.jpg
132021,Pad Limpiador De Brochas Heart Samy,158535,WhatsApp-Image-2025-09-16-at-09.37.53--3-,WhatsApp-Image-2025-09-16-at-09.37.53--3-,https://samycosmetics.vteximg.com.br/arquivos/ids/158535/WhatsApp-Image-2025-09-16-at-09.37.53--3-.jpg
132022,Pad Limpiador De Brochas Circle Samy,158536,PAD-LIMPIADOR-CIRCLE,PAD-LIMPIADOR-CIRCLE,https://samycosmetics.vteximg.com.br/arquivos/ids/158536/PAD-LIMPIADOR-CIRCLE.jpg
132022,Pad Limpiador De Brochas Circle Samy,158537,PAD-LIMPIADOR-CIRCLE--Empaque-,PAD-LIMPIADOR-CIRCLE--Empaque-,https://samycosmetics.vteximg.com.br/arquivos/ids/158537/PAD-LIMPIADOR-CIRCLE--Empaque-.jpg
000127,Polvo Suelto Miel Samy,158538,POLVO-SUELTO--HONEY--1200-X-1200,POLVO-SUELTO--HONEY--1200-X-1200,https://samycosmetics.vteximg.com.br/arquivos/ids/158538/POLVO-SUELTO--HONEY--1200-X-1200.jpg
039100,Paleta Sombras X 30 #Providencia 2 Samy,158539,Paleta-x30-Providencia,Paleta-x30-Providencia,https://samycosmetics.vteximg.com.br/arquivos/ids/158539/Paleta-x30-Providencia.jpg
039100,Paleta Sombras X 30 #Providencia 2 Samy,158544,providencia,providencia,https://samycosmetics.vteximg.com.br/arquivos/ids/158544/providencia.jpg
132030,Set De Brochas Samy X 12 Und #Providencia,158545,todas las brochas -1200 x 1200-,todas las brochas -1200 x 1200-,https://samycosmetics.vteximg.com.br/arquivos/ids/158545/todas las brochas -1200 x 1200-.jpg
132030,Set De Brochas Samy X 12 Und #Providencia,158546,Brochas Providencia web zoom 1=,Brochas Providencia web zoom 1=,https://samycosmetics.vteximg.com.br/arquivos/ids/158546/Brochas Providencia web zoom 1=.jpg
132030,Set De Brochas Samy X 12 Und #Providencia,158547,Brochas Providencia web zoom 2=,Brochas Providencia web zoom 2=,https://samycosmetics.vteximg.com.br/arquivos/ids/158547/Brochas Providencia web zoom 2=.jpg
132030,Set De Brochas Samy X 12 Und #Providencia,158548,empaque de las brochas -1200 X 1200-,empaque de las brochas -1200 X 1200-,https://samycosmetics.vteximg.com.br/arquivos/ids/158548/empaque de las brochas -1200 X 1200-.jpg
038007,Polvo Suelto Glowy Samy 8gr,158549,POLVO-SUELTO--GLOWY-FILTER-EFFECT-1200-x-1200-,POLVO-SUELTO--GLOWY-FILTER-EFFECT-1200-x-1200-,https://samycosmetics.vteximg.com.br/arquivos/ids/158549/POLVO-SUELTO--GLOWY-FILTER-EFFECT-1200-x-1200-.jpg
091001,Sombra Liquida Samy #01 Mercury,158668,COSMIC-GLAM-01-MERCURY,COSMIC-GLAM-01-MERCURY,https://samycosmetics.vteximg.com.br/arquivos/ids/158668/COSMIC-GLAM-01-MERCURY.jpg
091002,Sombra Liquida Samy #02 Venus,158669,COSMIC-GLAM-02-VENUS,COSMIC-GLAM-02-VENUS,https://samycosmetics.vteximg.com.br/arquivos/ids/158669/COSMIC-GLAM-02-VENUS.jpg
091003,Sombra Liquida Samy #03 Jupiter,158670,COSMIC-GLAM-03-JUPITER,COSMIC-GLAM-03-JUPITER,https://samycosmetics.vteximg.com.br/arquivos/ids/158670/COSMIC-GLAM-03-JUPITER.jpg
091004,Sombra Liquida Samy #04 Mars,158671,COSMIC-GLAM-04-MARS,COSMIC-GLAM-04-MARS,https://samycosmetics.vteximg.com.br/arquivos/ids/158671/COSMIC-GLAM-04-MARS.jpg
091005,Sombra Liquida Samy #05 Saturn,158672,COSMIC-GLAM-05-SATURN,COSMIC-GLAM-05-SATURN,https://samycosmetics.vteximg.com.br/arquivos/ids/158672/COSMIC-GLAM-05-SATURN.jpg
001025,Máscara De Pestañas Loving The Volume Samy,158689,VOLUMINIZING,VOLUMINIZING,https://samycosmetics.vteximg.com.br/arquivos/ids/158689/VOLUMINIZING.jpg
001026,Mascara de Pestañas Loving The Length Samy,158690,LENGTHENING-1200-x-1200,LENGTHENING-1200-x-1200,https://samycosmetics.vteximg.com.br/arquivos/ids/158690/LENGTHENING-1200-x-1200.jpg
000188,Novenario De Adviento Samy,158736,novenario-ecommerce,novenario-ecommerce,https://samycosmetics.vteximg.com.br/arquivos/ids/158736/novenario-ecommerce.jpg
132023,Pestañas Postizas Samy 01. Sofia,158692,Pestanas-postizas--1200-x-1200---01,Pestanas-postizas--1200-x-1200---01,https://samycosmetics.vteximg.com.br/arquivos/ids/158692/Pestanas-postizas--1200-x-1200---01.jpg
132023,Pestañas Postizas Samy 01. Sofia,158693,Pestanas-postizas--1200-x-1200---01s,Pestanas-postizas--1200-x-1200---01s,https://samycosmetics.vteximg.com.br/arquivos/ids/158693/Pestanas-postizas--1200-x-1200---01s.jpg
132023,Pestañas Postizas Samy 01. Sofia,158706,01-modelo-pest,01-modelo-pest,https://samycosmetics.vteximg.com.br/arquivos/ids/158706/01-modelo-pest.jpg
000209,F6- Brocha angular para el rostro,158996,brocha-angular-1200-x-1200,brocha-angular-1200-x-1200,https://samycosmetics.vteximg.com.br/arquivos/ids/158996/brocha-angular-1200-x-1200.jpg
000209,F6- Brocha angular para el rostro,158997,Brocha-angular-F6,Brocha-angular-F6,https://samycosmetics.vteximg.com.br/arquivos/ids/158997/Brocha-angular-F6.jpg
000003,Contorno en Barra Velvet Glam Samy 01. Brave,158755,Contorno-en-barra--1,Contorno-en-barra--1,https://samycosmetics.vteximg.com.br/arquivos/ids/158755/Contorno-en-barra--1.jpg
000003,Contorno en Barra Velvet Glam Samy 01. Brave,158757,Contorno_Barra,Contorno_Barra,https://samycosmetics.vteximg.com.br/arquivos/ids/158757/Contorno_Barra.jpg
000004,Contorno en Barra Velvet Glam Samy 02. Fierce,158756,Contorno-en-barra--2,Contorno-en-barra--2,https://samycosmetics.vteximg.com.br/arquivos/ids/158756/Contorno-en-barra--2.jpg
000004,Contorno en Barra Velvet Glam Samy 02. Fierce,158758,Contorno_Barra,Contorno_Barra,https://samycosmetics.vteximg.com.br/arquivos/ids/158758/Contorno_Barra.jpg
132024,Pestañas Postizas Samy 02. Emma,158713,Pestanas-postizas--1200-x-1200---02,Pestanas-postizas--1200-x-1200---02,https://samycosmetics.vteximg.com.br/arquivos/ids/158713/Pestanas-postizas--1200-x-1200---02.jpg
132024,Pestañas Postizas Samy 02. Emma,158714,Pestanas-postizas--1200-x-1200---02s,Pestanas-postizas--1200-x-1200---02s,https://samycosmetics.vteximg.com.br/arquivos/ids/158714/Pestanas-postizas--1200-x-1200---02s.jpg
132024,Pestañas Postizas Samy 02. Emma,158715,02-modelo-pest,02-modelo-pest,https://samycosmetics.vteximg.com.br/arquivos/ids/158715/02-modelo-pest.jpg
132025,Pestañas Postizas Samy 03. Elena,158716,Pestanas-postizas--1200-x-1200---03,Pestanas-postizas--1200-x-1200---03,https://samycosmetics.vteximg.com.br/arquivos/ids/158716/Pestanas-postizas--1200-x-1200---03.jpg
132025,Pestañas Postizas Samy 03. Elena,158717,Pestanas-postizas--1200-x-1200---03s,Pestanas-postizas--1200-x-1200---03s,https://samycosmetics.vteximg.com.br/arquivos/ids/158717/Pestanas-postizas--1200-x-1200---03s.jpg
132025,Pestañas Postizas Samy 03. Elena,158718,03-modelo-pest,03-modelo-pest,https://samycosmetics.vteximg.com.br/arquivos/ids/158718/03-modelo-pest.jpg
132026,Pestañas Postizas Samy 04. Aurora,158719,Pestanas-postizas--1200-x-1200---04,Pestanas-postizas--1200-x-1200---04,https://samycosmetics.vteximg.com.br/arquivos/ids/158719/Pestanas-postizas--1200-x-1200---04.jpg
132026,Pestañas Postizas Samy 04. Aurora,158720,Pestanas-postizas--1200-x-1200---04s,Pestanas-postizas--1200-x-1200---04s,https://samycosmetics.vteximg.com.br/arquivos/ids/158720/Pestanas-postizas--1200-x-1200---04s.jpg
132026,Pestañas Postizas Samy 04. Aurora,158721,04-modelo-pest,04-modelo-pest,https://samycosmetics.vteximg.com.br/arquivos/ids/158721/04-modelo-pest.jpg
132027,Pestañas Postizas Samy 05. Isabella,158722,Pestanas-postizas--1200-x-1200---05,Pestanas-postizas--1200-x-1200---05,https://samycosmetics.vteximg.com.br/arquivos/ids/158722/Pestanas-postizas--1200-x-1200---05.jpg
132027,Pestañas Postizas Samy 05. Isabella,158723,Pestanas-postizas--1200-x-1200---05s,Pestanas-postizas--1200-x-1200---05s,https://samycosmetics.vteximg.com.br/arquivos/ids/158723/Pestanas-postizas--1200-x-1200---05s.jpg
132027,Pestañas Postizas Samy 05. Isabella,158724,05-modelo-pest,05-modelo-pest,https://samycosmetics.vteximg.com.br/arquivos/ids/158724/05-modelo-pest.jpg
132028,Pestañas Postizas Samy 06. Olivia,158725,Pestanas-postizas--1200-x-1200---06,Pestanas-postizas--1200-x-1200---06,https://samycosmetics.vteximg.com.br/arquivos/ids/158725/Pestanas-postizas--1200-x-1200---06.jpg
132028,Pestañas Postizas Samy 06. Olivia,158726,Pestanas-postizas--1200-x-1200---06s,Pestanas-postizas--1200-x-1200---06s,https://samycosmetics.vteximg.com.br/arquivos/ids/158726/Pestanas-postizas--1200-x-1200---06s.jpg
132028,Pestañas Postizas Samy 06. Olivia,158727,06-modelo-pest,06-modelo-pest,https://samycosmetics.vteximg.com.br/arquivos/ids/158727/06-modelo-pest.jpg
132029,Pestañas Postizas Samy 07. Martina,158728,Pestanas-postizas--1200-x-1200---07,Pestanas-postizas--1200-x-1200---07,https://samycosmetics.vteximg.com.br/arquivos/ids/158728/Pestanas-postizas--1200-x-1200---07.jpg
132029,Pestañas Postizas Samy 07. Martina,158729,Pestanas-postizas--1200-x-1200---07s,Pestanas-postizas--1200-x-1200---07s,https://samycosmetics.vteximg.com.br/arquivos/ids/158729/Pestanas-postizas--1200-x-1200---07s.jpg
132029,Pestañas Postizas Samy 07. Martina,158730,07-modelo-pest,07-modelo-pest,https://samycosmetics.vteximg.com.br/arquivos/ids/158730/07-modelo-pest.jpg
172016,Rubor en barra Velvet Glam Samy #01. Authentic,158743,Rubor-en-barra--1,Rubor-en-barra--1,https://samycosmetics.vteximg.com.br/arquivos/ids/158743/Rubor-en-barra--1.jpg
172016,Rubor en barra Velvet Glam Samy #01. Authentic,158748,Rubor_Barra,Rubor_Barra,https://samycosmetics.vteximg.com.br/arquivos/ids/158748/Rubor_Barra.jpg
172017,Rubor en barra Velvet Glam Samy #02. Lover,158744,Rubor-en-barra--2,Rubor-en-barra--2,https://samycosmetics.vteximg.com.br/arquivos/ids/158744/Rubor-en-barra--2.jpg
172017,Rubor en barra Velvet Glam Samy #02. Lover,158749,Rubor_Barra,Rubor_Barra,https://samycosmetics.vteximg.com.br/arquivos/ids/158749/Rubor_Barra.jpg
172018,Rubor en barra Velvet Glam Samy #03.Dreamer,158745,Rubor-en-barra--3,Rubor-en-barra--3,https://samycosmetics.vteximg.com.br/arquivos/ids/158745/Rubor-en-barra--3.jpg
172018,Rubor en barra Velvet Glam Samy #03.Dreamer,158750,Rubor_Barra,Rubor_Barra,https://samycosmetics.vteximg.com.br/arquivos/ids/158750/Rubor_Barra.jpg
172019,Rubor en barra Velvet Glam Samy #04.Sensational,158746,Rubor-en-barra--4,Rubor-en-barra--4,https://samycosmetics.vteximg.com.br/arquivos/ids/158746/Rubor-en-barra--4.jpg
172019,Rubor en barra Velvet Glam Samy #04.Sensational,158751,Rubor_Barra,Rubor_Barra,https://samycosmetics.vteximg.com.br/arquivos/ids/158751/Rubor_Barra.jpg
172020,Rubor en barra Velvet Glam Samy #05.Savage,158747,Rubor-en-barra--5r,Rubor-en-barra--5r,https://samycosmetics.vteximg.com.br/arquivos/ids/158747/Rubor-en-barra--5r.jpg
172020,Rubor en barra Velvet Glam Samy #05.Savage,158752,Rubor_Barra,Rubor_Barra,https://samycosmetics.vteximg.com.br/arquivos/ids/158752/Rubor_Barra.jpg
000313,Polvo compacto Iluminador Velvet Glam Samy 01. Glamorous,158761,Iluminador--1,Iluminador--1,https://samycosmetics.vteximg.com.br/arquivos/ids/158761/Iluminador--1.jpg
000313,Polvo compacto Iluminador Velvet Glam Samy 01. Glamorous,158762,Iluminador--1-abierto,Iluminador--1-abierto,https://samycosmetics.vteximg.com.br/arquivos/ids/158762/Iluminador--1-abierto.jpg
000313,Polvo compacto Iluminador Velvet Glam Samy 01. Glamorous,158790,Iluminador,Iluminador,https://samycosmetics.vteximg.com.br/arquivos/ids/158790/Iluminador.jpg
000314,Polvo compacto Iluminador Velvet Glam Samy 02.Radiant,158763,Iluminador--2,Iluminador--2,https://samycosmetics.vteximg.com.br/arquivos/ids/158763/Iluminador--2.jpg
000314,Polvo compacto Iluminador Velvet Glam Samy 02.Radiant,158764,Iluminador--2-abierto,Iluminador--2-abierto,https://samycosmetics.vteximg.com.br/arquivos/ids/158764/Iluminador--2-abierto.jpg
000314,Polvo compacto Iluminador Velvet Glam Samy 02.Radiant,158791,Iluminador,Iluminador,https://samycosmetics.vteximg.com.br/arquivos/ids/158791/Iluminador.jpg
000005,Rubor Compacto Velvet Glam Samy 01. Velvet Rush,158765,Rubor-compacto--1,Rubor-compacto--1,https://samycosmetics.vteximg.com.br/arquivos/ids/158765/Rubor-compacto--1.jpg
000005,Rubor Compacto Velvet Glam Samy 01. Velvet Rush,158766,empaque-rubor,empaque-rubor,https://samycosmetics.vteximg.com.br/arquivos/ids/158766/empaque-rubor.jpg
000005,Rubor Compacto Velvet Glam Samy 01. Velvet Rush,158767,Rubor_Compacto,Rubor_Compacto,https://samycosmetics.vteximg.com.br/arquivos/ids/158767/Rubor_Compacto.jpg
000006,Rubor Compacto Velvet Glam Samy 02. Irresistible,158768,Rubor-compacto--2,Rubor-compacto--2,https://samycosmetics.vteximg.com.br/arquivos/ids/158768/Rubor-compacto--2.jpg
000006,Rubor Compacto Velvet Glam Samy 02. Irresistible,158769,empaque-rubor,empaque-rubor,https://samycosmetics.vteximg.com.br/arquivos/ids/158769/empaque-rubor.jpg
000006,Rubor Compacto Velvet Glam Samy 02. Irresistible,158770,Rubor_Compacto,Rubor_Compacto,https://samycosmetics.vteximg.com.br/arquivos/ids/158770/Rubor_Compacto.jpg
000007,Rubor Compacto Velvet Glam Samy 03. Iconic girl,158771,Rubor-compacto--3,Rubor-compacto--3,https://samycosmetics.vteximg.com.br/arquivos/ids/158771/Rubor-compacto--3.jpg
000007,Rubor Compacto Velvet Glam Samy 03. Iconic girl,158772,empaque-rubor,empaque-rubor,https://samycosmetics.vteximg.com.br/arquivos/ids/158772/empaque-rubor.jpg
000007,Rubor Compacto Velvet Glam Samy 03. Iconic girl,158773,Rubor_Compacto,Rubor_Compacto,https://samycosmetics.vteximg.com.br/arquivos/ids/158773/Rubor_Compacto.jpg
000008,Rubor Compacto Velvet Glam Samy 04. No rules,158774,Rubor-compacto--4,Rubor-compacto--4,https://samycosmetics.vteximg.com.br/arquivos/ids/158774/Rubor-compacto--4.jpg
000008,Rubor Compacto Velvet Glam Samy 04. No rules,158775,empaque-rubor,empaque-rubor,https://samycosmetics.vteximg.com.br/arquivos/ids/158775/empaque-rubor.jpg
000008,Rubor Compacto Velvet Glam Samy 04. No rules,158776,Rubor_Compacto,Rubor_Compacto,https://samycosmetics.vteximg.com.br/arquivos/ids/158776/Rubor_Compacto.jpg
000009,Rubor Compacto Velvet Glam Samy 05.Date night,158777,Rubor-compacto--5,Rubor-compacto--5,https://samycosmetics.vteximg.com.br/arquivos/ids/158777/Rubor-compacto--5.jpg
000009,Rubor Compacto Velvet Glam Samy 05.Date night,158778,empaque-rubor,empaque-rubor,https://samycosmetics.vteximg.com.br/arquivos/ids/158778/empaque-rubor.jpg
000009,Rubor Compacto Velvet Glam Samy 05.Date night,158779,Rubor_Compacto,Rubor_Compacto,https://samycosmetics.vteximg.com.br/arquivos/ids/158779/Rubor_Compacto.jpg
000010,Paleta de Rostro Velvet Glam Samy,158785,Paleta-de-rostro,Paleta-de-rostro,https://samycosmetics.vteximg.com.br/arquivos/ids/158785/Paleta-de-rostro.jpg
000010,Paleta de Rostro Velvet Glam Samy,158792,Paleta_Rostro,Paleta_Rostro,https://samycosmetics.vteximg.com.br/arquivos/ids/158792/Paleta_Rostro.jpg
132033,Set de Brochas Velvet Glam Samy,158786,brochas-velvet-glam,brochas-velvet-glam,https://samycosmetics.vteximg.com.br/arquivos/ids/158786/brochas-velvet-glam.jpg
132033,Set de Brochas Velvet Glam Samy,158787,Brochas-Velvet-FOTO-2,Brochas-Velvet-FOTO-2,https://samycosmetics.vteximg.com.br/arquivos/ids/158787/Brochas-Velvet-FOTO-2.jpg
132033,Set de Brochas Velvet Glam Samy,158788,Brochas-Velvet-FOTO-3,Brochas-Velvet-FOTO-3,https://samycosmetics.vteximg.com.br/arquivos/ids/158788/Brochas-Velvet-FOTO-3.jpg
132033,Set de Brochas Velvet Glam Samy,158789,bolsa-brochas-velvet-glam,bolsa-brochas-velvet-glam,https://samycosmetics.vteximg.com.br/arquivos/ids/158789/bolsa-brochas-velvet-glam.jpg
280161,Lip Balm Kolor Factory #101,158811,Lip-Balm-PH--Tono-101,Lip-Balm-PH--Tono-101,https://samycosmetics.vteximg.com.br/arquivos/ids/158811/Lip-Balm-PH--Tono-101.jpg
280161,Lip Balm Kolor Factory #101,159100,balsamo-para-labios-101,balsamo-para-labios-101,https://samycosmetics.vteximg.com.br/arquivos/ids/159100/balsamo-para-labios-101.jpg
280162,Lip Balm Kolor Factory #102,158812,Lip-Balm-PH--Tono-102,Lip-Balm-PH--Tono-102,https://samycosmetics.vteximg.com.br/arquivos/ids/158812/Lip-Balm-PH--Tono-102.png
280162,Lip Balm Kolor Factory #102,159101,balsamo-para-labios-102,balsamo-para-labios-102,https://samycosmetics.vteximg.com.br/arquivos/ids/159101/balsamo-para-labios-102.jpg
280163,Lip Balm Kolor Factory #103,158813,Lip-Balm-PH--Tono-103,Lip-Balm-PH--Tono-103,https://samycosmetics.vteximg.com.br/arquivos/ids/158813/Lip-Balm-PH--Tono-103.jpg
280163,Lip Balm Kolor Factory #103,159102,balsamo-para-labios-103,balsamo-para-labios-103,https://samycosmetics.vteximg.com.br/arquivos/ids/159102/balsamo-para-labios-103.jpg
280151,Mega Shine Lip Gloss Kf #01,158846,Brillo-de-Labios-MS--Tono-101,brillo-labios-mega-shine-kolor-factory-samy-cerrado,https://samycosmetics.vteximg.com.br/arquivos/ids/158846/Brillo-de-Labios-MS--Tono-101.jpg
280151,Mega Shine Lip Gloss Kf #01,158847,Brillo-de-Labios-MG-Abierto--Tono-101,brillo-labios-mega-shine-kolor-factory-samy-abierto,https://samycosmetics.vteximg.com.br/arquivos/ids/158847/Brillo-de-Labios-MG-Abierto--Tono-101.jpg
280151,Mega Shine Lip Gloss Kf #01,159118,brillo-de-labios-101,brillo-labios-mega-shine-kolor-factory-samy-sombra,https://samycosmetics.vteximg.com.br/arquivos/ids/159118/brillo-de-labios-101.jpg
280152,Mega Shine Lip Gloss Kf #02,158848,Brillo-de-Labios-MS--Tono-102,brillo-labios-mega-shine-2-kolor-factory-samy-cerrado,https://samycosmetics.vteximg.com.br/arquivos/ids/158848/Brillo-de-Labios-MS--Tono-102.jpg
280152,Mega Shine Lip Gloss Kf #02,158849,Brillo-de-Labios-MG-Abierto--Tono-102,brillo-labios-mega-shine-2-kolor-factory-samy-abierto,https://samycosmetics.vteximg.com.br/arquivos/ids/158849/Brillo-de-Labios-MG-Abierto--Tono-102.jpg
280152,Mega Shine Lip Gloss Kf #02,159119,brillo-de-labios-102,brillo-labios-mega-shine-2-kolor-factory-samy-sombra,https://samycosmetics.vteximg.com.br/arquivos/ids/159119/brillo-de-labios-102.jpg
280153,Mega Shine Lip Gloss Kf #03,158850,Brillo-de-Labios-MS--Tono-103,brillo-labios-mega-shine-3-kolor-factory-samy-cerrado,https://samycosmetics.vteximg.com.br/arquivos/ids/158850/Brillo-de-Labios-MS--Tono-103.jpg
280153,Mega Shine Lip Gloss Kf #03,158851,Brillo-de-Labios-MG-Abierto--Tono-103,brillo-labios-mega-shine-3-kolor-factory-samy-abierto,https://samycosmetics.vteximg.com.br/arquivos/ids/158851/Brillo-de-Labios-MG-Abierto--Tono-103.jpg
280153,Mega Shine Lip Gloss Kf #03,159120,brillo-de-labios-103,brillo-labios-mega-shine-3-kolor-factory-samy-sombra,https://samycosmetics.vteximg.com.br/arquivos/ids/159120/brillo-de-labios-103.jpg
280154,Mega Shine Lip Gloss Kf #04,158852,Brillo-de-Labios-MS--Tono-104,brillo-labios-mega-shine-4-kolor-factory-samy-cerrado,https://samycosmetics.vteximg.com.br/arquivos/ids/158852/Brillo-de-Labios-MS--Tono-104.jpg
280154,Mega Shine Lip Gloss Kf #04,158853,Brillo-de-Labios-MG-Abierto--Tono-104,brillo-labios-mega-shine-4-kolor-factory-samy-abierto,https://samycosmetics.vteximg.com.br/arquivos/ids/158853/Brillo-de-Labios-MG-Abierto--Tono-104.jpg
280154,Mega Shine Lip Gloss Kf #04,159121,brillo-de-labios-104,brillo-labios-mega-shine-4-kolor-factory-samy-sombra,https://samycosmetics.vteximg.com.br/arquivos/ids/159121/brillo-de-labios-104.jpg
280155,Mega Shine Lip Gloss Kf #05,158854,Brillo-de-Labios-MS--Tono-105,brillo-labios-mega-shine-5-kolor-factory-samy-cerrado,https://samycosmetics.vteximg.com.br/arquivos/ids/158854/Brillo-de-Labios-MS--Tono-105.jpg
280155,Mega Shine Lip Gloss Kf #05,158855,Brillo-de-Labios-MG-Abierto--Tono-105,brillo-labios-mega-shine-5-kolor-factory-samy-abierto,https://samycosmetics.vteximg.com.br/arquivos/ids/158855/Brillo-de-Labios-MG-Abierto--Tono-105.jpg
280155,Mega Shine Lip Gloss Kf #05,159122,brillo-de-labios-105,brillo-labios-mega-shine-5-kolor-factory-samy-sombra,https://samycosmetics.vteximg.com.br/arquivos/ids/159122/brillo-de-labios-105.jpg
280168,Plumping Lip Gloss Kf,158907,Voluminizador-cerrado,brillo-voluminizador-kolor-factory-samy-cerrado,https://samycosmetics.vteximg.com.br/arquivos/ids/158907/Voluminizador-cerrado.jpg
280168,Plumping Lip Gloss Kf,158908,Voluminizador,brillo-voluminizador-kolor-factory-samy-abierto,https://samycosmetics.vteximg.com.br/arquivos/ids/158908/Voluminizador.jpg
280132,Gel Fijador para Cejas KF,158798,Gel-Fijador-Para-Cejas_Cerrado,gel-fijador-para-cejas_-kolor-factory-samy-cerrado,https://samycosmetics.vteximg.com.br/arquivos/ids/158798/Gel-Fijador-Para-Cejas_Cerrado.jpg
280132,Gel Fijador para Cejas KF,158799,Gel-Fijador-Para-Cejas_Abierto,gel-fijador-para-cejas_-kolor-factory-samy-abierto,https://samycosmetics.vteximg.com.br/arquivos/ids/158799/Gel-Fijador-Para-Cejas_Abierto.jpg
280132,Gel Fijador para Cejas KF,159123,gel-fijador-para-cejas,gel-fijador-para-cejas_-kolor-factory-samy-abierto2,https://samycosmetics.vteximg.com.br/arquivos/ids/159123/gel-fijador-para-cejas.jpg
280174,Highlighter Kolor Factory #01,158837,Iluminador-Compacto--Tono-01,Iluminador-Compacto--Tono-01,https://samycosmetics.vteximg.com.br/arquivos/ids/158837/Iluminador-Compacto--Tono-01.jpg
280174,Highlighter Kolor Factory #01,159125,ILUMINADOR-COMPACTO-01,ILUMINADOR-COMPACTO-01,https://samycosmetics.vteximg.com.br/arquivos/ids/159125/ILUMINADOR-COMPACTO-01.jpg
280175,Highlighter Kolor Factory #02,158838,Iluminador-Compacto--Tono-02,Iluminador-Compacto--Tono-02,https://samycosmetics.vteximg.com.br/arquivos/ids/158838/Iluminador-Compacto--Tono-02.jpg
280175,Highlighter Kolor Factory #02,159126,ILUMINADOR-COMPACTO-02,ILUMINADOR-COMPACTO-02,https://samycosmetics.vteximg.com.br/arquivos/ids/159126/ILUMINADOR-COMPACTO-02.jpg
280176,Highlighter Kolor Factory #03,158839,Iluminador-Compacto--Tono-03,Iluminador-Compacto--Tono-03,https://samycosmetics.vteximg.com.br/arquivos/ids/158839/Iluminador-Compacto--Tono-03.jpg
280176,Highlighter Kolor Factory #03,159127,ILUMINADOR-COMPACTO-03,ILUMINADOR-COMPACTO-03,https://samycosmetics.vteximg.com.br/arquivos/ids/159127/ILUMINADOR-COMPACTO-03.jpg
280178,Jelly Highlighter Kolor Factory #01,159128,Iluminador-Jelly_Cerrado,Iluminador-Jelly_Cerrado,https://samycosmetics.vteximg.com.br/arquivos/ids/159128/Iluminador-Jelly_Cerrado.jpg
280178,Jelly Highlighter Kolor Factory #01,159129,ILUMINADOR-JELLY,ILUMINADOR-JELLY,https://samycosmetics.vteximg.com.br/arquivos/ids/159129/ILUMINADOR-JELLY.jpg
280178,Jelly Highlighter Kolor Factory #01,159130,Iluminador-Jelly--Tono-01,Iluminador-Jelly--Tono-01,https://samycosmetics.vteximg.com.br/arquivos/ids/159130/Iluminador-Jelly--Tono-01.jpg
280179,Jelly Highlighter Kolor Factory #02,159131,Iluminador-Jelly_Cerrado,Iluminador-Jelly_Cerrado,https://samycosmetics.vteximg.com.br/arquivos/ids/159131/Iluminador-Jelly_Cerrado.jpg
280179,Jelly Highlighter Kolor Factory #02,159132,ILUMINADOR-JELLY,ILUMINADOR-JELLY,https://samycosmetics.vteximg.com.br/arquivos/ids/159132/ILUMINADOR-JELLY.jpg
280179,Jelly Highlighter Kolor Factory #02,159133,Iluminador-Jelly--Tono-02,Iluminador-Jelly--Tono-02,https://samycosmetics.vteximg.com.br/arquivos/ids/159133/Iluminador-Jelly--Tono-02.jpg
280180,Jelly Highlighter Kolor Factory #03,159134,Iluminador-Jelly_Cerrado,Iluminador-Jelly_Cerrado,https://samycosmetics.vteximg.com.br/arquivos/ids/159134/Iluminador-Jelly_Cerrado.jpg
280180,Jelly Highlighter Kolor Factory #03,159135,ILUMINADOR-JELLY,ILUMINADOR-JELLY,https://samycosmetics.vteximg.com.br/arquivos/ids/159135/ILUMINADOR-JELLY.jpg
280180,Jelly Highlighter Kolor Factory #03,159136,Iluminador-Jelly--Tono-03,Iluminador-Jelly--Tono-03,https://samycosmetics.vteximg.com.br/arquivos/ids/159136/Iluminador-Jelly--Tono-03.jpg
280144,Contour & Glow Stick Kolor Factory  #01,158826,Iluminador-y-Contono-01,Iluminador-y-Contono-01,https://samycosmetics.vteximg.com.br/arquivos/ids/158826/Iluminador-y-Contono-01.jpg
280144,Contour & Glow Stick Kolor Factory  #01,159146,ILUMINADOR-Y-CONTORNO-EN-BARRA-01,ILUMINADOR-Y-CONTORNO-EN-BARRA-01,https://samycosmetics.vteximg.com.br/arquivos/ids/159146/ILUMINADOR-Y-CONTORNO-EN-BARRA-01.jpg
280145,Contour & Glow Stick Kolor Factory  #02,158827,Iluminador-y-Contono-02,Iluminador-y-Contono-02,https://samycosmetics.vteximg.com.br/arquivos/ids/158827/Iluminador-y-Contono-02.jpg
280145,Contour & Glow Stick Kolor Factory  #02,159147,ILUMINADOR-Y-CONTORNO-EN-BARRA-02,ILUMINADOR-Y-CONTORNO-EN-BARRA-02,https://samycosmetics.vteximg.com.br/arquivos/ids/159147/ILUMINADOR-Y-CONTORNO-EN-BARRA-02.jpg
280137,Liquid Highlighter KF #01,159137,Iluminador-Liquido--Tono-02,Iluminador-Liquido--Tono-02,https://samycosmetics.vteximg.com.br/arquivos/ids/159137/Iluminador-Liquido--Tono-02.jpg
280137,Liquid Highlighter KF #01,159138,Iluminador-liquido-01,Iluminador-liquido-01,https://samycosmetics.vteximg.com.br/arquivos/ids/159138/Iluminador-liquido-01.jpg
280137,Liquid Highlighter KF #01,159139,Iluminador-Liquido-Abierto--Tono-02,Iluminador-Liquido-Abierto--Tono-02,https://samycosmetics.vteximg.com.br/arquivos/ids/159139/Iluminador-Liquido-Abierto--Tono-02.jpg
280138,Liquid Highlighter KF #02,159140,Iluminador-Liquido--Tono-01,Iluminador-Liquido--Tono-01,https://samycosmetics.vteximg.com.br/arquivos/ids/159140/Iluminador-Liquido--Tono-01.jpg
280138,Liquid Highlighter KF #02,159141,Iluminador-liquido-02,Iluminador-liquido-02,https://samycosmetics.vteximg.com.br/arquivos/ids/159141/Iluminador-liquido-02.jpg
280138,Liquid Highlighter KF #02,159142,Iluminador-Liquido-Abierto--Tono-01,Iluminador-Liquido-Abierto--Tono-01,https://samycosmetics.vteximg.com.br/arquivos/ids/159142/Iluminador-Liquido-Abierto--Tono-01.jpg
280139,Liquid Highlighter KF #03,159143,Iluminador-Liquido--Tono-03,Iluminador-Liquido--Tono-03,https://samycosmetics.vteximg.com.br/arquivos/ids/159143/Iluminador-Liquido--Tono-03.jpg
280139,Liquid Highlighter KF #03,159144,Iluminador-liquido-03,Iluminador-liquido-03,https://samycosmetics.vteximg.com.br/arquivos/ids/159144/Iluminador-liquido-03.jpg
280139,Liquid Highlighter KF #03,159145,Iluminador-Liquido-Abierto--Tono-03,Iluminador-Liquido-Abierto--Tono-03,https://samycosmetics.vteximg.com.br/arquivos/ids/159145/Iluminador-Liquido-Abierto--Tono-03.jpg
280124,Loose Powder KF #01 Translúcido,158843,Polvo-Suelto--Translucido,Polvo-Suelto--Translucido,https://samycosmetics.vteximg.com.br/arquivos/ids/158843/Polvo-Suelto--Translucido.jpg
280124,Loose Powder KF #01 Translúcido,159178,POLVOS SUELTOS Translucido,POLVOS SUELTOS Translucido,https://samycosmetics.vteximg.com.br/arquivos/ids/159178/POLVOS SUELTOS Translucido.jpg
280125,Blush Stick KF #01,159179,Rubor-en-barra-cerrado--01,Rubor-en-barra-cerrado--01,https://samycosmetics.vteximg.com.br/arquivos/ids/159179/Rubor-en-barra-cerrado--01.jpg
280125,Blush Stick KF #01,159180,rubor-en-barra-01,rubor-en-barra-01,https://samycosmetics.vteximg.com.br/arquivos/ids/159180/rubor-en-barra-01.jpg
280125,Blush Stick KF #01,159181,Rubor-En-Barra--Tono-01,Rubor-En-Barra--Tono-01,https://samycosmetics.vteximg.com.br/arquivos/ids/159181/Rubor-En-Barra--Tono-01.jpg
280126,Blush Stick KF #02,159182,Rubor-en-barra-cerrado--02,Rubor-en-barra-cerrado--02,https://samycosmetics.vteximg.com.br/arquivos/ids/159182/Rubor-en-barra-cerrado--02.jpg
280126,Blush Stick KF #02,159183,rubor-en-barra-02,rubor-en-barra-02,https://samycosmetics.vteximg.com.br/arquivos/ids/159183/rubor-en-barra-02.jpg
280126,Blush Stick KF #02,159184,Rubor-En-Barra--Tono-02,Rubor-En-Barra--Tono-02,https://samycosmetics.vteximg.com.br/arquivos/ids/159184/Rubor-En-Barra--Tono-02.jpg
280127,Blush Stick KF #03,159185,Rubor-en-barra-cerrado--03,Rubor-en-barra-cerrado--03,https://samycosmetics.vteximg.com.br/arquivos/ids/159185/Rubor-en-barra-cerrado--03.jpg
280127,Blush Stick KF #03,159186,rubor-en-barra-03,rubor-en-barra-03,https://samycosmetics.vteximg.com.br/arquivos/ids/159186/rubor-en-barra-03.jpg
280127,Blush Stick KF #03,159187,Rubor-En-Barra--Tono-03,Rubor-En-Barra--Tono-03,https://samycosmetics.vteximg.com.br/arquivos/ids/159187/Rubor-En-Barra--Tono-03.jpg
280129,Loose Powder KF #03 Rosado,158872,Polvo-Suelto--Rosado,Polvo-Suelto--Rosado,https://samycosmetics.vteximg.com.br/arquivos/ids/158872/Polvo-Suelto--Rosado.jpg
280129,Loose Powder KF #03 Rosado,159174,POLVOS SUELTOS Rosado,POLVOS SUELTOS Rosado,https://samycosmetics.vteximg.com.br/arquivos/ids/159174/POLVOS SUELTOS Rosado.jpg
280129,Loose Powder KF #03 Rosado,159175,POLVOS SUELTOS Rosado,POLVOS SUELTOS Rosado,https://samycosmetics.vteximg.com.br/arquivos/ids/159175/POLVOS SUELTOS Rosado.jpg
280128,Loose Powder KF #02 Matificante,158874,Polvo-Suelto--Matificante,Polvo-Suelto--Matificante,https://samycosmetics.vteximg.com.br/arquivos/ids/158874/Polvo-Suelto--Matificante.jpg
280128,Loose Powder KF #02 Matificante,159177,POLVOS-SUELTOS-Matificante,POLVOS-SUELTOS-Matificante,https://samycosmetics.vteximg.com.br/arquivos/ids/159177/POLVOS-SUELTOS-Matificante.jpg
033021,Paleta de Sombras x3 Samy #01,158895,TONO-01-PERSIAN-SUN,TONO-01-PERSIAN-SUN,https://samycosmetics.vteximg.com.br/arquivos/ids/158895/TONO-01-PERSIAN-SUN.jpg
033022,Paleta de Sombras x3 Samy #02,158896,TONO-02-ARABIAN-NIGHT,TONO-02-ARABIAN-NIGHT,https://samycosmetics.vteximg.com.br/arquivos/ids/158896/TONO-02-ARABIAN-NIGHT.jpg
033023,Paleta de Sombras x3 Samy #03,158897,TONO-03-JAPANESE-BREEZE,TONO-03-JAPANESE-BREEZE,https://samycosmetics.vteximg.com.br/arquivos/ids/158897/TONO-03-JAPANESE-BREEZE.jpg
033024,Paleta de Sombras x3 Samy #04,158898,TONO-04-CHAMPAGNE-TOAST,TONO-04-CHAMPAGNE-TOAST,https://samycosmetics.vteximg.com.br/arquivos/ids/158898/TONO-04-CHAMPAGNE-TOAST.jpg
033025,Paleta de Sombras x3 Samy #05,158899,TONO-05-HONEY-COCOA,TONO-05-HONEY-COCOA,https://samycosmetics.vteximg.com.br/arquivos/ids/158899/TONO-05-HONEY-COCOA.jpg
033026,Paleta de Sombras x3 Samy #06,158900,TONO-06-CLASSIC-TIRAMISU,TONO-06-CLASSIC-TIRAMISU,https://samycosmetics.vteximg.com.br/arquivos/ids/158900/TONO-06-CLASSIC-TIRAMISU.jpg
033027,Paleta de Sombras x3 Samy #07,158901,TONO-07-KENYAN-SAFARI,TONO-07-KENYAN-SAFARI,https://samycosmetics.vteximg.com.br/arquivos/ids/158901/TONO-07-KENYAN-SAFARI.jpg
033028,Paleta de Sombras x3 Samy #08,158902,TONO-08-TEA-TOOM,TONO-08-TEA-TOOM,https://samycosmetics.vteximg.com.br/arquivos/ids/158902/TONO-08-TEA-TOOM.jpg
033029,Paleta de Sombras x3 Samy #09,158975,TONO 09 REDIANT ORCHID,TONO 09 REDIANT ORCHID,https://samycosmetics.vteximg.com.br/arquivos/ids/158975/TONO 09 REDIANT ORCHID.jpg
033030,Paleta de Sombras x3 Samy #10,158904,TONO-10-SOHO-VOULEVARD,TONO-10-SOHO-VOULEVARD,https://samycosmetics.vteximg.com.br/arquivos/ids/158904/TONO-10-SOHO-VOULEVARD.jpg
064997,Gel Fijador para Cejas Samy,158918,BROW-GLUE--con-tapa--1200-x-1200,BROW-GLUE--con-tapa--1200-x-1200,https://samycosmetics.vteximg.com.br/arquivos/ids/158918/BROW-GLUE--con-tapa--1200-x-1200.jpg
000019,Glam Face Kit Samy,158915,Set-de-accesorios,Set-de-accesorios,https://samycosmetics.vteximg.com.br/arquivos/ids/158915/Set-de-accesorios.jpg
000019,Glam Face Kit Samy,158916,brochas--todas--1200-x-1200,brochas--todas--1200-x-1200,https://samycosmetics.vteximg.com.br/arquivos/ids/158916/brochas--todas--1200-x-1200.jpg
000019,Glam Face Kit Samy,158917,borlas-1200-x-1200,borlas-1200-x-1200,https://samycosmetics.vteximg.com.br/arquivos/ids/158917/borlas-1200-x-1200.jpg
000020,Paleta X 9 Sombras De Ojos Samy # 20. Moon,158984,Paletax9-MOON-1200x1200,Paletax9-MOON-1200x1200,https://samycosmetics.vteximg.com.br/arquivos/ids/158984/Paletax9-MOON-1200x1200.jpg
000020,Paleta X 9 Sombras De Ojos Samy # 20. Moon,158987,PALETA-MOON-PIELES-CLARAS,PALETA-MOON-PIELES-CLARAS,https://samycosmetics.vteximg.com.br/arquivos/ids/158987/PALETA-MOON-PIELES-CLARAS.jpg
000020,Paleta X 9 Sombras De Ojos Samy # 20. Moon,158988,PALETA-MOON-PIELES-OSCURAS,PALETA-MOON-PIELES-OSCURAS,https://samycosmetics.vteximg.com.br/arquivos/ids/158988/PALETA-MOON-PIELES-OSCURAS.jpg
000168,"Iluminador compacto Oh,My Glow! #01 Rose Orbit",159048,01-ROSE-ORBIT-con-tapa,01-ROSE-ORBIT-con-tapa,https://samycosmetics.vteximg.com.br/arquivos/ids/159048/01-ROSE-ORBIT-con-tapa.jpg
000168,"Iluminador compacto Oh,My Glow! #01 Rose Orbit",159049,01-ROSE-ORBIT,01-ROSE-ORBIT,https://samycosmetics.vteximg.com.br/arquivos/ids/159049/01-ROSE-ORBIT.jpg
000169,"Iluminador compacto Oh,My Glow! #02 Peach Orbit",159050,02-PEACH-ORBIT-con-tapa,02-PEACH-ORBIT-con-tapa,https://samycosmetics.vteximg.com.br/arquivos/ids/159050/02-PEACH-ORBIT-con-tapa.jpg
000169,"Iluminador compacto Oh,My Glow! #02 Peach Orbit",159051,02-PEACH-ORBIT,02-PEACH-ORBIT,https://samycosmetics.vteximg.com.br/arquivos/ids/159051/02-PEACH-ORBIT.jpg
000170,"Iluminador compacto Oh,My Glow! #03 Bronze Orbit",159052,03-BRONZE-ORBIT-con-tapa,03-BRONZE-ORBIT-con-tapa,https://samycosmetics.vteximg.com.br/arquivos/ids/159052/03-BRONZE-ORBIT-con-tapa.jpg
000170,"Iluminador compacto Oh,My Glow! #03 Bronze Orbit",159053,03-BRONZE-ORBIT,03-BRONZE-ORBIT,https://samycosmetics.vteximg.com.br/arquivos/ids/159053/03-BRONZE-ORBIT.jpg
000158,Espejo Corazón KF,159057,Espejo,Espejo,https://samycosmetics.vteximg.com.br/arquivos/ids/159057/Espejo.jpg
000158,Espejo Corazón KF,159058,Espejo_Empaque,Espejo_Empaque,https://samycosmetics.vteximg.com.br/arquivos/ids/159058/Espejo_Empaque.jpg
000277,Fijador de Maquillaje Natural KF,159059,Fijador_Maquillaje-1200x1200,Fijador_Maquillaje-1200x1200,https://samycosmetics.vteximg.com.br/arquivos/ids/159059/Fijador_Maquillaje-1200x1200.jpg
000277,Fijador de Maquillaje Natural KF,159060,FIJADOR-DE-MAQUILLAJE-SOMBRA,FIJADOR-DE-MAQUILLAJE-SOMBRA,https://samycosmetics.vteximg.com.br/arquivos/ids/159060/FIJADOR-DE-MAQUILLAJE-SOMBRA.jpg
000265,Iluminador Compacto Rainbow KF #01,159094,ILUMINADOR-COMPACTO-01,ILUMINADOR-COMPACTO-01,https://samycosmetics.vteximg.com.br/arquivos/ids/159094/ILUMINADOR-COMPACTO-01.jpg
000265,Iluminador Compacto Rainbow KF #01,159095,ILUMINADOR-COMPACTO-ARCOIRIS-01,ILUMINADOR-COMPACTO-ARCOIRIS-01,https://samycosmetics.vteximg.com.br/arquivos/ids/159095/ILUMINADOR-COMPACTO-ARCOIRIS-01.jpg
000266,Iluminador Compacto Rainbow KF #02,159096,ILUMINADOR-COMPACTO-02,ILUMINADOR-COMPACTO-02,https://samycosmetics.vteximg.com.br/arquivos/ids/159096/ILUMINADOR-COMPACTO-02.jpg
000266,Iluminador Compacto Rainbow KF #02,159097,ILUMINADOR-COMPACTO-ARCOIRIS-02,ILUMINADOR-COMPACTO-ARCOIRIS-02,https://samycosmetics.vteximg.com.br/arquivos/ids/159097/ILUMINADOR-COMPACTO-ARCOIRIS-02.jpg
000267,Paleta de Sombras x 4 Kolor Factory #01,159061,Paleta-de-Sombra-Tono_01,Paleta-de-Sombra-Tono_01,https://samycosmetics.vteximg.com.br/arquivos/ids/159061/Paleta-de-Sombra-Tono_01.jpg
000267,Paleta de Sombras x 4 Kolor Factory #01,159062,PALETA-DE-SOMBRAS-01,PALETA-DE-SOMBRAS-01,https://samycosmetics.vteximg.com.br/arquivos/ids/159062/PALETA-DE-SOMBRAS-01.jpg
000268,Paleta de Sombras x 4 Kolor Factory #02,159063,Paleta-de-Sombra-Tono_02,Paleta-de-Sombra-Tono_02,https://samycosmetics.vteximg.com.br/arquivos/ids/159063/Paleta-de-Sombra-Tono_02.jpg
000268,Paleta de Sombras x 4 Kolor Factory #02,159064,PALETA-DE-SOMBRAS-02,PALETA-DE-SOMBRAS-02,https://samycosmetics.vteximg.com.br/arquivos/ids/159064/PALETA-DE-SOMBRAS-02.jpg
000269,Paleta de Sombras x 4 Kolor Factory #03,159065,Paleta-de-Sombra-Tono_03,Paleta-de-Sombra-Tono_03,https://samycosmetics.vteximg.com.br/arquivos/ids/159065/Paleta-de-Sombra-Tono_03.jpg
000269,Paleta de Sombras x 4 Kolor Factory #03,159066,PALETA-DE-SOMBRAS-03,PALETA-DE-SOMBRAS-03,https://samycosmetics.vteximg.com.br/arquivos/ids/159066/PALETA-DE-SOMBRAS-03.jpg
000270,Paleta de Sombras x 4 Kolor Factory #04,159067,Paleta-de-Sombra-Tono_04,Paleta-de-Sombra-Tono_04,https://samycosmetics.vteximg.com.br/arquivos/ids/159067/Paleta-de-Sombra-Tono_04.jpg
000270,Paleta de Sombras x 4 Kolor Factory #04,159068,PALETA-DE-SOMBRAS-04,PALETA-DE-SOMBRAS-04,https://samycosmetics.vteximg.com.br/arquivos/ids/159068/PALETA-DE-SOMBRAS-04.jpg
000271,Paleta de Sombras x 4 Kolor Factory #05,159069,Paleta-de-Sombra-Tono_05,Paleta-de-Sombra-Tono_05,https://samycosmetics.vteximg.com.br/arquivos/ids/159069/Paleta-de-Sombra-Tono_05.jpg
000271,Paleta de Sombras x 4 Kolor Factory #05,159070,PALETA-DE-SOMBRAS-05,PALETA-DE-SOMBRAS-05,https://samycosmetics.vteximg.com.br/arquivos/ids/159070/PALETA-DE-SOMBRAS-05.jpg
000272,Rubor Iluminador Kolor Factory #101,159071,RUBOR-ILUMINADOR-VASTAGO-101,RUBOR-ILUMINADOR-VASTAGO-101,https://samycosmetics.vteximg.com.br/arquivos/ids/159071/RUBOR-ILUMINADOR-VASTAGO-101.jpg
000272,Rubor Iluminador Kolor Factory #101,159072,RUBOR-ILUMINADOR-101,RUBOR-ILUMINADOR-101,https://samycosmetics.vteximg.com.br/arquivos/ids/159072/RUBOR-ILUMINADOR-101.jpg
000272,Rubor Iluminador Kolor Factory #101,159073,rubor-iluminador-101-SOMBRA,rubor-iluminador-101-SOMBRA,https://samycosmetics.vteximg.com.br/arquivos/ids/159073/rubor-iluminador-101-SOMBRA.jpg
000273,Rubor Iluminador Kolor Factory #102,159074,RUBOR-ILUMINADOR-VASTAGO-102,RUBOR-ILUMINADOR-VASTAGO-102,https://samycosmetics.vteximg.com.br/arquivos/ids/159074/RUBOR-ILUMINADOR-VASTAGO-102.jpg
000273,Rubor Iluminador Kolor Factory #102,159075,RUBOR-ILUMINADOR-102,RUBOR-ILUMINADOR-102,https://samycosmetics.vteximg.com.br/arquivos/ids/159075/RUBOR-ILUMINADOR-102.jpg
000273,Rubor Iluminador Kolor Factory #102,159076,rubor-iluminador-102-SOMBRA,rubor-iluminador-102-SOMBRA,https://samycosmetics.vteximg.com.br/arquivos/ids/159076/rubor-iluminador-102-SOMBRA.jpg
000274,Rubor Iluminador Kolor Factory #103,159077,RUBOR-ILUMINADOR-VASTAGO-103,RUBOR-ILUMINADOR-VASTAGO-103,https://samycosmetics.vteximg.com.br/arquivos/ids/159077/RUBOR-ILUMINADOR-VASTAGO-103.jpg
000274,Rubor Iluminador Kolor Factory #103,159078,RUBOR-ILUMINADOR-103,RUBOR-ILUMINADOR-103,https://samycosmetics.vteximg.com.br/arquivos/ids/159078/RUBOR-ILUMINADOR-103.jpg
000274,Rubor Iluminador Kolor Factory #103,159079,rubor-iluminador-103-SOMBRA,rubor-iluminador-103-SOMBRA,https://samycosmetics.vteximg.com.br/arquivos/ids/159079/rubor-iluminador-103-SOMBRA.jpg
000275,Rubor Iluminador Kolor Factory #104,159080,RUBOR-ILUMINADOR-VASTAGO-104,RUBOR-ILUMINADOR-VASTAGO-104,https://samycosmetics.vteximg.com.br/arquivos/ids/159080/RUBOR-ILUMINADOR-VASTAGO-104.jpg
000275,Rubor Iluminador Kolor Factory #104,159081,RUBOR-ILUMINADOR-104,RUBOR-ILUMINADOR-104,https://samycosmetics.vteximg.com.br/arquivos/ids/159081/RUBOR-ILUMINADOR-104.jpg
000275,Rubor Iluminador Kolor Factory #104,159082,rubor-iluminador-104-SOMBRA,rubor-iluminador-104-SOMBRA,https://samycosmetics.vteximg.com.br/arquivos/ids/159082/rubor-iluminador-104-SOMBRA.jpg
000388,Cajita Sorpresa KF,159429,Foto_1_Ecommerce,Foto_1_Ecommerce,https://samycosmetics.vteximg.com.br/arquivos/ids/159429/Foto_1_Ecommerce.jpg
000388,Cajita Sorpresa KF,159430,Foto_2_Ecommerce,Foto_2_Ecommerce,https://samycosmetics.vteximg.com.br/arquivos/ids/159430/Foto_2_Ecommerce.jpg
000298,Tinta para Labios Skinlicious #01 Peach,159291,Tono_01_Peach_Frente,Tono_01_Peach_Frente,https://samycosmetics.vteximg.com.br/arquivos/ids/159291/Tono_01_Peach_Frente.jpg
000298,Tinta para Labios Skinlicious #01 Peach,159293,Tinta-para-labios-01-Peach,Tinta-para-labios-01-Peach,https://samycosmetics.vteximg.com.br/arquivos/ids/159293/Tinta-para-labios-01-Peach.jpg
000298,Tinta para Labios Skinlicious #01 Peach,159294,Tono-01,Tono-01,https://samycosmetics.vteximg.com.br/arquivos/ids/159294/Tono-01.jpg
000298,Tinta para Labios Skinlicious #01 Peach,159295,Todas-las-tintas,Todas-las-tintas,https://samycosmetics.vteximg.com.br/arquivos/ids/159295/Todas-las-tintas.jpg
000299,Tinta para Labios Skinlicious #02 Almond,159296,Tono_02_Almond_Frente,Tono_02_Almond_Frente,https://samycosmetics.vteximg.com.br/arquivos/ids/159296/Tono_02_Almond_Frente.jpg
000299,Tinta para Labios Skinlicious #02 Almond,159298,Tinta-para-labios-02-Almond,Tinta-para-labios-02-Almond,https://samycosmetics.vteximg.com.br/arquivos/ids/159298/Tinta-para-labios-02-Almond.jpg
000299,Tinta para Labios Skinlicious #02 Almond,159299,Tono-02,Tono-02,https://samycosmetics.vteximg.com.br/arquivos/ids/159299/Tono-02.jpg
000299,Tinta para Labios Skinlicious #02 Almond,159364,Tono-02,Tono-02,https://samycosmetics.vteximg.com.br/arquivos/ids/159364/Tono-02.jpg
000300,Tinta para Labios Skinlicious #03 Cherry,159301,Tono_03_Cherry_Frente,Tono_03_Cherry_Frente,https://samycosmetics.vteximg.com.br/arquivos/ids/159301/Tono_03_Cherry_Frente.jpg
000300,Tinta para Labios Skinlicious #03 Cherry,159303,Tinta-para-labios-03-Cherry,Tinta-para-labios-03-Cherry,https://samycosmetics.vteximg.com.br/arquivos/ids/159303/Tinta-para-labios-03-Cherry.jpg
000300,Tinta para Labios Skinlicious #03 Cherry,159304,Tono-03,Tono-03,https://samycosmetics.vteximg.com.br/arquivos/ids/159304/Tono-03.jpg
000300,Tinta para Labios Skinlicious #03 Cherry,159365,Tono-03,Tono-03,https://samycosmetics.vteximg.com.br/arquivos/ids/159365/Tono-03.jpg
000301,Tinta para Labios Skinlicious #04 Berry,159306,Tono_04_Berry_Frente,Tono_04_Berry_Frente,https://samycosmetics.vteximg.com.br/arquivos/ids/159306/Tono_04_Berry_Frente.jpg
000301,Tinta para Labios Skinlicious #04 Berry,159308,Tinta-para-labios-04-Berry-con-coso,Tinta-para-labios-04-Berry-con-coso,https://samycosmetics.vteximg.com.br/arquivos/ids/159308/Tinta-para-labios-04-Berry-con-coso.jpg
000301,Tinta para Labios Skinlicious #04 Berry,159309,Tono-04,Tono-04,https://samycosmetics.vteximg.com.br/arquivos/ids/159309/Tono-04.jpg
000301,Tinta para Labios Skinlicious #04 Berry,159366,Tono-04,Tono-04,https://samycosmetics.vteximg.com.br/arquivos/ids/159366/Tono-04.jpg